
insert into Pais (NombrePais, MedallaOro, MedallaPlata, MedallaBronce) values ('Cuba', 1, 38, 39);
insert into Pais (NombrePais, MedallaOro, MedallaPlata, MedallaBronce) values ('México', 25, 30, 44);
insert into Pais (NombrePais, MedallaOro, MedallaPlata, MedallaBronce) values ('España', 50, 49, 34);
insert into Pais (NombrePais, MedallaOro, MedallaPlata, MedallaBronce) values ('Japón', 32, 2, 23);
insert into Pais (NombrePais, MedallaOro, MedallaPlata, MedallaBronce) values ('Reino Unido', 11, 15, 30);
insert into Pais (NombrePais, MedallaOro, MedallaPlata, MedallaBronce) values ('Guatemala', 13, 20, 13);
insert into Pais (NombrePais, MedallaOro, MedallaPlata, MedallaBronce) values ('Egipto', 50, 6, 38);
insert into Pais (NombrePais, MedallaOro, MedallaPlata, MedallaBronce) values ('Perú', 16, 22, 45);
insert into Pais (NombrePais, MedallaOro, MedallaPlata, MedallaBronce) values ('Colombia', 16, 47, 13);
insert into Pais (NombrePais, MedallaOro, MedallaPlata, MedallaBronce) values ('Indonesia', 47, 24, 6);
insert into Pais (NombrePais, MedallaOro, MedallaPlata, MedallaBronce) values ('Pakistán', 47, 9, 39);



insert into Disciplina (NombreDisciplina, NombrePais, Participantes, Año) values ('natacion', 'Cuba', 'Santiago', '2024-08-08');
insert into Disciplina (NombreDisciplina, NombrePais, Participantes, Año) values ('tiro con arco', 'México', 'Carlos', '2024-07-28');
insert into Disciplina (NombreDisciplina, NombrePais, Participantes, Año) values ('clavados', 'Cuba', 'Santiago', '2024-08-08');
insert into Disciplina (NombreDisciplina, NombrePais, Participantes, Año) values ('salto', 'España', 'Leslie', '2024-08-02');
insert into Disciplina (NombreDisciplina, NombrePais, Participantes, Año) values ('cayak', 'Perú', 'Nicolas', '2024-07-28');
insert into Disciplina (NombreDisciplina, NombrePais, Participantes, Año) values ('beisbol', 'Japón', 'Ximena', '2024-08-09');


insert into Disciplina (NombreDisciplina, NombrePais, Participantes, Año) values ('baloncesto', 'México', 'Carlos', '2024-07-28');
insert into Disciplina (NombreDisciplina, NombrePais, Participantes, Año) values ('balonmano', 'España', 'Leslie', '2024-08-02');
insert into Disciplina (NombreDisciplina, NombrePais, Participantes, Año) values ('boxeo', 'Japón', 'Ximena', '2024-08-09');
insert into Disciplina (NombreDisciplina, NombrePais, Participantes, Año) values ('ciclismo', 'Reino Unido', 'Maria', '2024-07-26');
insert into Disciplina (NombreDisciplina, NombrePais, Participantes, Año) values ('esgrima', 'Guatemala', 'Brenda', '2024-08-08');
insert into Disciplina (NombreDisciplina, NombrePais, Participantes, Año) values ('fútbol', 'Egipto', 'Rolling', '2024-08-03');
insert into Disciplina (NombreDisciplina, NombrePais, Participantes, Año) values ('gimnasia', 'Perú', 'Nicolas', '2024-07-28');
insert into Disciplina (NombreDisciplina, NombrePais, Participantes, Año) values ('halterofilia', 'Colombia', 'Fernanda', '2024-08-08');
insert into Disciplina (NombreDisciplina, NombrePais, Participantes, Año) values ('hockey', 'Indonesia', 'Benjamin', '2024-07-30');


insert into Patrocinadores (NombreDisciplina, Patrocinador) values ('fútbol', 'LV');
insert into Patrocinadores (NombreDisciplina, Patrocinador) values ('atletismo', 'Versace');
insert into Patrocinadores (NombreDisciplina, Patrocinador) values ('baloncesto', 'Dior');
insert into Patrocinadores (NombreDisciplina, Patrocinador) values ('balonmano', 'Gucci');
insert into Patrocinadores (NombreDisciplina, Patrocinador) values ('boxeo', 'Mercedes');
insert into Patrocinadores (NombreDisciplina, Patrocinador) values ('ciclismo', 'Ferrari');
insert into Patrocinadores (NombreDisciplina, Patrocinador) values ('esgrima', 'Lamborghini');
insert into Patrocinadores (NombreDisciplina, Patrocinador) values ('gimnasia', 'Porsche');
insert into Patrocinadores (NombreDisciplina, Patrocinador) values ('halterofilia', 'Bimbo');
insert into Patrocinadores (NombreDisciplina, Patrocinador) values ('hockey', 'La Costeña');

insert into Patrocinadores (NombreDisciplina, Patrocinador) values ('natacion', 'LV');
insert into Patrocinadores (NombreDisciplina, Patrocinador) values ('clavados', 'La Costeña');
insert into Patrocinadores (NombreDisciplina, Patrocinador) values ('tiro con arco', 'Bimbo');
insert into Patrocinadores (NombreDisciplina, Patrocinador) values ('hockey', 'Porsche');
insert into Patrocinadores (NombreDisciplina, Patrocinador) values ('cayak', 'Versace');



insert into Atleta (idAtleta, NombrePais, Disciplina, Genero, Nombre, ApellidoP, ApellidoM, FechaDeNacimiento, Año) values ('5WP2YK0ED05', 'Cuba', 'atletismo', 'Masculino', 'Santiago', 'Earlam', 'Goggan', '2000-12-12', '2024-07-28');
insert into Atleta (idAtleta, NombrePais, Disciplina, Genero, Nombre, ApellidoP, ApellidoM, FechaDeNacimiento, Año) values ('7WD6JY0DQ74', 'México', 'baloncesto', 'Masculino', 'Carlos', 'Roll', 'Gleaves', '2000-10-18', '2024-08-07');
insert into Atleta (idAtleta, NombrePais, Disciplina, Genero, Nombre, ApellidoP, ApellidoM, FechaDeNacimiento, Año) values ('9CU2UN3NW89', 'España', 'balonmano', 'Femenino', 'Leslie', 'Vick', 'Iglesias', '2001-10-12', '2024-07-27');
insert into Atleta (idAtleta, NombrePais, Disciplina, Genero, Nombre, ApellidoP, ApellidoM, FechaDeNacimiento, Año) values ('8DE4N01KN51', 'Japón', 'boxeo', 'Femenino', 'Ximena', 'Biasetti', 'Waudby', '1995-05-14', '2024-08-09');
insert into Atleta (idAtleta, NombrePais, Disciplina, Genero, Nombre, ApellidoP, ApellidoM, FechaDeNacimiento, Año) values ('3N91MY0AF23', 'Reino Unido', 'ciclismo', 'Masculino', 'Maria', 'Lilywhite', 'MacGregor', '1995-01-06', '2024-08-07');
insert into Atleta (idAtleta, NombrePais, Disciplina, Genero, Nombre, ApellidoP, ApellidoM, FechaDeNacimiento, Año) values ('4N36VQ0NP76', 'Guatemala', 'esgrima', 'Femenino', 'Brenda', 'Margrie', 'Cranston', '2000-06-08', '2024-08-04');
insert into Atleta (idAtleta, NombrePais, Disciplina, Genero, Nombre, ApellidoP, ApellidoM, FechaDeNacimiento, Año) values ('7QR5X94PV12', 'Egipto', 'fútbol', 'Masculino', 'Rolling', 'Symones', 'Hayton', '1999-08-08', '2024-07-27');
insert into Atleta (idAtleta, NombrePais, Disciplina, Genero, Nombre, ApellidoP, ApellidoM, FechaDeNacimiento, Año) values ('6PU2A49RW71', 'Perú', 'gimnasia', 'Masculino', 'Nicolas', 'Earlam', 'Minucci', '1998-01-30', '2024-08-03');
insert into Atleta (idAtleta, NombrePais, Disciplina, Genero, Nombre, ApellidoP, ApellidoM, FechaDeNacimiento, Año) values ('4TP6NM4VE76', 'Colombia', 'halterofilia', 'Femenino', 'Fernanda', 'Soto', 'Geronimo', '2003-05-19', '2024-08-02');
insert into Atleta (idAtleta, NombrePais, Disciplina, Genero, Nombre, ApellidoP, ApellidoM, FechaDeNacimiento, Año) values ('4TP6NM4VE96', 'Indonesia', 'halterofilia', 'Femenino', 'Samanta', 'Diaz', 'Reyes', '2002-06-13', '2024-08-02');
insert into Atleta (idAtleta, NombrePais, Disciplina, Genero, Nombre, ApellidoP, ApellidoM, FechaDeNacimiento, Año) values ('5TP2NM8V099', 'Camboya', 'halterofilia', 'Femenino', 'Valeria', 'Ramirez', 'Hernandez', '2005-08-09', '2024-08-02');
insert into Atleta (idAtleta, NombrePais, Disciplina, Genero, Nombre, ApellidoP, ApellidoM, FechaDeNacimiento, Año) values ('4HP6VS4ET96', 'Egipto', 'halterofilia', 'Femenino', 'Sarah', 'Perez', 'Fernandez', '2004-07-21', '2024-08-02');
insert into Atleta (idAtleta, NombrePais, Disciplina, Genero, Nombre, ApellidoP, ApellidoM, FechaDeNacimiento, Año) values ('4HS6BS6YH36', 'Bután', 'halterofilia', 'Masculino', 'Junito', 'Perez', 'Perez', '2004-08-07', '2024-08-02');



insert into Ganar (NombreDisciplina, idAtleta, MedallaOro, MedallaPlata, MedallaBronce) values ('atletismo', '5WP2YK0ED05', 9, 9, 9);
insert into Ganar (NombreDisciplina, idAtleta, MedallaOro, MedallaPlata, MedallaBronce) values ('baloncesto', '7WD6JY0DQ74', 6, 0, 0);
insert into Ganar (NombreDisciplina, idAtleta, MedallaOro, MedallaPlata, MedallaBronce) values ('balonmano', '9CU2UN3NW89', 8, 3, 9);
insert into Ganar (NombreDisciplina, idAtleta, MedallaOro, MedallaPlata, MedallaBronce) values ('boxeo', '8DE4N01KN51', 0, 0, 0);
insert into Ganar (NombreDisciplina, idAtleta, MedallaOro, MedallaPlata, MedallaBronce) values ('ciclismo', '3N91MY0AF23', 1, 2, 1);
insert into Ganar (NombreDisciplina, idAtleta, MedallaOro, MedallaPlata, MedallaBronce) values ('esgrima', '4N36VQ0NP76', 0, 0, 1);
insert into Ganar (NombreDisciplina, idAtleta, MedallaOro, MedallaPlata, MedallaBronce) values ('fútbol', '7QR5X94PV12', 0, 1, 2);
insert into Ganar (NombreDisciplina, idAtleta, MedallaOro, MedallaPlata, MedallaBronce) values ('gimnasia', '6PU2A49RW71', 1, 1, 0);
insert into Ganar (NombreDisciplina, idAtleta, MedallaOro, MedallaPlata, MedallaBronce) values ('halterofilia', '4TP6NM4VE76', 3, 2, 1);
insert into Ganar (NombreDisciplina, idAtleta, MedallaOro, MedallaPlata, MedallaBronce) values ('halterofilia', '4TP6NM4VE96', 2, 3, 2);
insert into Ganar (NombreDisciplina, idAtleta, MedallaOro, MedallaPlata, MedallaBronce) values ('halterofilia', '5TP2NM8V099', 1, 2, 3);
insert into Ganar (NombreDisciplina, idAtleta, MedallaOro, MedallaPlata, MedallaBronce) values ('halterofilia', '4HP6VS4ET96', 0, 1, 4);
insert into Ganar (NombreDisciplina, idAtleta, MedallaOro, MedallaPlata, MedallaBronce) values ('halterofilia', '4HS6BS6YH36', 1, 0, 1);




insert into Evento (idEvento, idAgenda, Localidad, Precio) values ('8MG2PE8TM08', '2MD7CG8FE00', 'Cuba', 2190);
insert into Evento (idEvento, idAgenda, Localidad, Precio) values ('6A20N40UJ55', '3E85WR9NC23', 'México', 7862);
insert into Evento (idEvento, idAgenda, Localidad, Precio) values ('5F65H57XY16', '3HW0W38AE95', 'Camboya', 3687);
insert into Evento (idEvento, idAgenda, Localidad, Precio) values ('1KH4E50EC48', '3H57DP5RW20', 'Reino Unido', 209);
insert into Evento (idEvento, idAgenda, Localidad, Precio) values ('1FV0N59RG88', '2RF9KJ8UF60', 'Egipto', 6216);
insert into Evento (idEvento, idAgenda, Localidad, Precio) values ('8QC9NV7ET69', '8R64GE9CY62', 'Perú', 7414);
insert into Evento (idEvento, idAgenda, Localidad, Precio) values ('7DP1CM2DK31', '1VP8Q66CY50', 'Colombia', 7822);
insert into Evento (idEvento, idAgenda, Localidad, Precio) values ('4ET7PV7PK80', '6JK3DJ9TJ74', 'Indonesia', 2388);
insert into Evento (idEvento, idAgenda, Localidad, Precio) values ('7PN2V22RC35', '8FQ8FP2XG78', 'Madagascar', 176);
insert into Evento (idEvento, idAgenda, Localidad, Precio) values ('1JH5N93EH23', '4F92C74HM27', 'Bután', 5755);

insert into Evento (idEvento, idAgenda, Localidad, Precio) values ('1JH5N23EH23', '4F92FR3HM27', 'Paris', 9005);
insert into Evento (idEvento, idAgenda, Localidad, Precio) values ('1JH5693EH23', '4F92C74FG97', 'Rusia', 3920);
insert into Evento (idEvento, idAgenda, Localidad, Precio) values ('1JJKN93EH23', 'KS91C74HM27', 'Alemania', 7811);
insert into Evento (idEvento, idAgenda, Localidad, Precio) values ('1JH5H53EH23', '4F92KAN8M27', 'Berlin', 3000);
insert into Evento (idEvento, idAgenda, Localidad, Precio) values ('1JH6G83EH23', '4F92EI9AM27', 'Tokyo', 7982);















insert into Juez (idJuez, Nombre, ApellidoP, ApellidoM, Nacionalidad, FechaDeNacimiento, idEvento) values ('6AT5RC8KY09', 'Rina', 'Goodwyn', 'Thornbarrow', 'Estados Unidos', '1978-12-01', '8MG2PE8TM08');
insert into Juez (idJuez, Nombre, ApellidoP, ApellidoM, Nacionalidad, FechaDeNacimiento, idEvento) values ('2EF6TK8QR46', 'Alfonse', 'Suddock', 'Gogan', 'China', '1969-12-03', '6A20N40UJ55');
insert into Juez (idJuez, Nombre, ApellidoP, ApellidoM, Nacionalidad, FechaDeNacimiento, idEvento) values ('5U60T28WU99', 'Sherwood', 'Duckerin', 'Astles', 'Kenia', '1977-10-28', '5F65H57XY16');
insert into Juez (idJuez, Nombre, ApellidoP, ApellidoM, Nacionalidad, FechaDeNacimiento, idEvento) values ('5FQ0RC8VD51', 'Devy', 'Laying', 'Jagels', 'Ireland', '1977-05-30', '1KH4E50EC48');
insert into Juez (idJuez, Nombre, ApellidoP, ApellidoM, Nacionalidad, FechaDeNacimiento, idEvento) values ('3G63TN1MG89', 'Moishe', 'Baldam', 'Marjanski', 'Indonesia', '1971-05-10', '1FV0N59RG88');
insert into Juez (idJuez, Nombre, ApellidoP, ApellidoM, Nacionalidad, FechaDeNacimiento, idEvento) values ('7Q79WD1TE59', 'Serene', 'Hustings', 'Stolte', 'Argelia', '1974-03-31', '8QC9NV7ET69');
insert into Juez (idJuez, Nombre, ApellidoP, ApellidoM, Nacionalidad, FechaDeNacimiento, idEvento) values ('3XY7KE9QD04', 'Giselle', 'Sperwell', 'Seger', 'Indonesia', '1968-06-18', '7DP1CM2DK31');
insert into Juez (idJuez, Nombre, ApellidoP, ApellidoM, Nacionalidad, FechaDeNacimiento, idEvento) values ('1EY2NA2WJ17', 'Egon', 'McMarquis', 'Stieger', 'Madagascar', '1975-08-18', '4ET7PV7PK80');
insert into Juez (idJuez, Nombre, ApellidoP, ApellidoM, Nacionalidad, FechaDeNacimiento, idEvento) values ('9QT9Q85EQ44', 'Danny', 'Stelfox', 'Kelloch', 'Ireland', '1972-07-01', '7PN2V22RC35');
insert into Juez (idJuez, Nombre, ApellidoP, ApellidoM, Nacionalidad, FechaDeNacimiento, idEvento) values ('5CX7XR8MV09', 'Amabelle', 'Vannozzii', 'Brisse', 'Arabia Saudita', '1977-06-18', '1JH5N93EH23');




insert into Entrenador (IdEntrenador, Nombre, ApellidoP, ApellidoM, Nacionalidad, FechaDeNacimiento, NombreDisciplina, idevento) values ('9FY9Q76MG71', 'Gert', 'Earlam', 'Eliff', 'Fiyi', '1970-05-06', 'atletismo', '4ET7PV7PK80');
insert into Entrenador (IdEntrenador, Nombre, ApellidoP, ApellidoM, Nacionalidad, FechaDeNacimiento, NombreDisciplina, idevento) values ('7KX1EJ7JE96', 'Maurene', 'Roll', 'MacFadden', 'Estados Unidos', '1977-07-05', 'baloncesto', '4ET7PV7PK80');
insert into Entrenador (IdEntrenador, Nombre, ApellidoP, ApellidoM, Nacionalidad, FechaDeNacimiento, NombreDisciplina, idevento) values ('9N12EH1CW32', 'Matthiew', 'Vick', 'Lusgdin', 'Kenia', '1972-09-04', 'balonmano', '4ET7PV7PK80');
insert into Entrenador (IdEntrenador, Nombre, ApellidoP, ApellidoM, Nacionalidad, FechaDeNacimiento, NombreDisciplina, idevento) values ('5T71C40UE66', 'Persis', 'Biasetti', 'Scartifield', 'Arabia Saudita', '1973-05-31', 'boxeo', '4ET7PV7PK80');
insert into Entrenador (IdEntrenador, Nombre, ApellidoP, ApellidoM, Nacionalidad, FechaDeNacimiento, NombreDisciplina, idevento) values ('4HK1F00HE54', 'Chance', 'Cantopher', 'Lewens', 'Islas Marshall', '1972-09-02', 'ciclismo', '4ET7PV7PK80');
insert into Entrenador (IdEntrenador, Nombre, ApellidoP, ApellidoM, Nacionalidad, FechaDeNacimiento, NombreDisciplina, idevento) values ('5XV5C45AD72', 'Yoshiko', 'Lilywhite', 'Botley', 'Argelia', '1978-02-16', 'esgrima', '1JH5N23EH23');
insert into Entrenador (IdEntrenador, Nombre, ApellidoP, ApellidoM, Nacionalidad, FechaDeNacimiento, NombreDisciplina, idevento) values ('2YX5RA7VN86', 'Klarrisa', 'Stidworthy', 'Pendleberry', 'Mauricio', '1970-06-30', 'fútbol', '1JH5693EH23');
insert into Entrenador (IdEntrenador, Nombre, ApellidoP, ApellidoM, Nacionalidad, FechaDeNacimiento, NombreDisciplina, idevento) values ('7J07Y19FG33', 'Elton', 'Earlam', 'Camilletti', 'Madagascar', '1978-07-03', 'gimnasia', '1JJKN93EH23');
insert into Entrenador (IdEntrenador, Nombre, ApellidoP, ApellidoM, Nacionalidad, FechaDeNacimiento, NombreDisciplina, idevento) values ('4PR6UY0QD90', 'Penny', 'Pavluk', 'Oldacre', 'Guinea', '1978-11-08', 'halterofilia', '1JH5H53EH23');
insert into Entrenador (IdEntrenador, Nombre, ApellidoP, ApellidoM, Nacionalidad, FechaDeNacimiento, NombreDisciplina, idevento) values ('9FA8WV2FV05', 'Claudelle', 'Sangar', 'Monkleigh', 'Micronesia', '1979-03-12', 'hockey', '1JH6G83EH23');
