INSERT INTO pais (nombrepais, medallaoro, medallaplata, medallabronce) VALUES 
('Estados Unidos', 39, 41, 33),
('Australia', 17, 7, 22),
('Rusia', 20, 28, 23),
('Brasil', 7, 6, 8),
('España', 3, 8, 6),
('Francia', 10, 12, 11),
('Reino Unido', 22, 21, 22),
('Italia', 10, 10, 20),
('Japón', 27, 14, 17),
('Alemania', 10, 11, 16),
('China', 38, 32, 18),
('Países Bajos', 10, 12, 14),
('Nueva Zelanda', 7, 6, 7),
('Corea del Sur', 6, 4, 10),
('India', 1, 2, 4),
('Suiza', 7, 2, 5),
('Canadá', 7, 6, 11),
('Kazajistán', 2, 2, 1),
('Hungría', 6, 7, 7),
('Suecia', 8, 5, 5),
('Dinamarca', 3, 4, 4),
('Finlandia', 2, 1, 3),
('Austria', 2, 7, 7),
('Noruega', 4, 2, 3),
('Eslovaquia', 1, 2, 1),
('Serbia', 3, 1, 5),
('Irán', 3, 2, 2),
('México', 4, 5, 4),
('Colombia', 2, 3, 1),
('Argentina', 3, 1, 3),
('Sudáfrica', 1, 2, 2),
('China Taipei', 2, 4, 6),
('Bélgica', 4, 1, 3),
('Grecia', 2, 1, 1),
('Polonia', 4, 5, 5),
('Ucrania', 1, 6, 12),
('Croacia', 3, 3, 2),
('Rumania', 2, 3, 4),
('Turquía', 1, 2, 9),
('Bulgaria', 3, 1, 2),
('Portugal', 1, 1, 2),
('República Checa', 4, 4, 3),
('Uzbekistán', 1, 1, 1),
('Israel', 2, 1, 2),
('Georgia', 2, 1, 4),
('Irlanda', 2, 0, 2),
('Kenia', 4, 4, 2),
('Etiopía', 4, 1, 2),
('Vietnam', 1, 0, 1),
('Tailandia', 1, 1, 1);
INSERT INTO pais (nombrepais, medallaoro, medallaplata, medallabronce) VALUES 
('Venezuela', 1, 3, 2),
('Ecuador', 2, 1, 0),
('Perú', 0, 1, 1),
('Chile', 0, 2, 3),
('Paraguay', 1, 0, 0),
('Uruguay', 1, 1, 1),
('Bolivia', 0, 0, 1),
('Panamá', 1, 0, 0),
('Costa Rica', 0, 1, 0),
('El Salvador', 0, 0, 1),
('Guatemala', 0, 1, 0),
('Honduras', 0, 0, 1),
('Nicaragua', 0, 0, 0),
('Cuba', 7, 3, 5),
('República Dominicana', 1, 1, 2),
('Puerto Rico', 1, 0, 1),
('Jamaica', 6, 3, 2),
('Haití', 0, 0, 1),
('Trinidad y Tobago', 1, 0, 1),
('Barbados', 0, 0, 1),
('Bahamas', 2, 0, 1),
('Granada', 1, 0, 0),
('Antigua y Barbuda', 0, 0, 1),
('San Vicente y las Granadinas', 0, 0, 1),
('San Cristóbal y Nieves', 1, 0, 0),
('Anguila', 0, 0, 0),
('Malasia', 0, 3, 1),
('Filipinas', 1, 2, 1),
('Indonesia', 1, 1, 3),
('Singapur', 0, 2, 0),
('Brunéi', 0, 0, 0),
('Mongolia', 2, 1, 3),
('Pakistán', 1, 2, 1),
('Afganistán', 0, 0, 1),
('Sri Lanka', 0, 0, 1),
('Nepal', 0, 0, 0),
('Bangladés', 0, 1, 0),
('Bután', 0, 0, 0),
('Maldivas', 0, 0, 0),
('Arabia Saudita', 1, 0, 1),
('Kuwait', 0, 1, 1),
('Omán', 0, 0, 1),
('Catar', 1, 1, 2),
('Baréin', 1, 1, 0),
('Jordania', 1, 1, 1),
('Líbano', 0, 0, 2),
('Siria', 0, 1, 1),
('Irak', 0, 1, 0),
('Yemen', 0, 0, 1);

INSERT INTO Disciplina (NombreDisciplina, NombrePais, Participantes, Año) VALUES ('Atletismo', 'Estados Unidos', 80, '2020-01-01');
INSERT INTO Disciplina (NombreDisciplina, NombrePais, Participantes, Año) VALUES ('Natación', 'Australia', 60, '2020-01-01');
INSERT INTO Disciplina (NombreDisciplina, NombrePais, Participantes, Año) VALUES ('Gimnasia', 'Rusia', 40, '2020-01-01');
INSERT INTO Disciplina (NombreDisciplina, NombrePais, Participantes, Año) VALUES ('Fútbol', 'Brasil', 22, '2020-01-01');
INSERT INTO Disciplina (NombreDisciplina, NombrePais, Participantes, Año) VALUES ('Baloncesto', 'España', 12, '2020-01-01');
INSERT INTO Disciplina (NombreDisciplina, NombrePais, Participantes, Año) VALUES ('Ciclismo', 'Francia', 45, '2020-01-01');
INSERT INTO Disciplina (NombreDisciplina, NombrePais, Participantes, Año) VALUES ('Remo', 'Reino Unido', 28, '2020-01-01');
INSERT INTO Disciplina (NombreDisciplina, NombrePais, Participantes, Año) VALUES ('Voleibol', 'Italia', 12, '2020-01-01');
INSERT INTO Disciplina (NombreDisciplina, NombrePais, Participantes, Año) VALUES ('Judo', 'Japón', 32, '2020-01-01');
INSERT INTO Disciplina (NombreDisciplina, NombrePais, Participantes, Año) VALUES ('Boxeo', 'Argentina', 20, '2020-01-01');
INSERT INTO Disciplina (NombreDisciplina, NombrePais, Participantes, Año) VALUES ('Esgrima', 'Alemania', 24, '2020-01-01');
INSERT INTO Disciplina (NombreDisciplina, NombrePais, Participantes, Año) VALUES ('Halterofilia', 'China', 30, '2020-01-01');
INSERT INTO Disciplina (NombreDisciplina, NombrePais, Participantes, Año) VALUES ('Hockey sobre césped', 'Países Bajos', 16, '2020-01-01');
INSERT INTO Disciplina (NombreDisciplina, NombrePais, Participantes, Año) VALUES ('Rugby', 'Nueva Zelanda', 14, '2020-01-01');
INSERT INTO Disciplina (NombreDisciplina, NombrePais, Participantes, Año) VALUES ('Golf', 'Corea del Sur', 60, '2020-01-01');
INSERT INTO Disciplina (NombreDisciplina, NombrePais, Participantes, Año) VALUES ('Taekwondo', 'Corea del Sur', 32, '2020-01-01');
INSERT INTO Disciplina (NombreDisciplina, NombrePais, Participantes, Año) VALUES ('Tiro con arco', 'India', 16, '2020-01-01');
INSERT INTO Disciplina (NombreDisciplina, NombrePais, Participantes, Año) VALUES ('Escalada deportiva', 'Suiza', 10, '2020-01-01');
INSERT INTO Disciplina (NombreDisciplina, NombrePais, Participantes, Año) VALUES ('Surf', 'Australia', 20, '2020-01-01');
INSERT INTO Disciplina (NombreDisciplina, NombrePais, Participantes, Año) VALUES ('Karate', 'Japón', 32, '2020-01-01');
INSERT INTO Disciplina (NombreDisciplina, NombrePais, Participantes, Año) VALUES ('Triatlón', 'Canadá', 55, '2020-01-01');
INSERT INTO Disciplina (NombreDisciplina, NombrePais, Participantes, Año) VALUES ('Patinaje artístico', 'Rusia', 25, '2018-01-01');
INSERT INTO Disciplina (NombreDisciplina, NombrePais, Participantes, Año) VALUES ('Snowboard', 'Estados Unidos', 30, '2018-01-01');
INSERT INTO Disciplina (NombreDisciplina, NombrePais, Participantes, Año) VALUES ('Esquí alpino', 'Austria', 45, '2018-01-01');
INSERT INTO Disciplina (NombreDisciplina, NombrePais, Participantes, Año) VALUES ('Biatlón', 'Noruega', 25, '2018-01-01');
INSERT INTO Disciplina (NombreDisciplina, NombrePais, Participantes, Año) VALUES ('Curling', 'Suecia', 10, '2018-01-01');
INSERT INTO Disciplina (NombreDisciplina, NombrePais, Participantes, Año) VALUES ('Hockey sobre hielo', 'Canadá', 20, '2018-01-01');
INSERT INTO Disciplina (NombreDisciplina, NombrePais, Participantes, Año) VALUES ('Skeleton', 'Alemania', 15, '2018-01-01');
INSERT INTO Disciplina (NombreDisciplina, NombrePais, Participantes, Año) VALUES ('Salto de esquí', 'Japón', 20, '2018-01-01');
INSERT INTO Disciplina (NombreDisciplina, NombrePais, Participantes, Año) VALUES ('Lucha', 'Kazajistán', 32, '2020-01-01');
INSERT INTO Disciplina (NombreDisciplina, NombrePais, Participantes, Año) VALUES ('Pentatlón moderno', 'Hungría', 36, '2020-01-01');
INSERT INTO Disciplina (NombreDisciplina, NombrePais, Participantes, Año) VALUES ('Equitación', 'Suecia', 12, '2020-01-01');
INSERT INTO Disciplina (NombreDisciplina, NombrePais, Participantes, Año) VALUES ('Balonmano', 'Dinamarca', 14, '2020-01-01');
INSERT INTO Disciplina (NombreDisciplina, NombrePais, Participantes, Año) VALUES ('Esquí de fondo', 'Finlandia', 50, '2018-01-01');
INSERT INTO Disciplina (NombreDisciplina, NombrePais, Participantes, Año) VALUES ('Esquí acrobático', 'Francia', 25, '2018-01-01');
INSERT INTO Disciplina (NombreDisciplina, NombrePais, Participantes, Año) VALUES ('Bobsleigh', 'Suiza', 12, '2018-01-01');
INSERT INTO Disciplina (NombreDisciplina, NombrePais, Participantes, Año) VALUES ('Patinaje de velocidad', 'Japón', 50, '2018-01-01');
INSERT INTO Disciplina (NombreDisciplina, NombrePais, Participantes, Año) VALUES ('Vela', 'Reino Unido', 25, '2020-01-01');
INSERT INTO Disciplina (NombreDisciplina, NombrePais, Participantes, Año) VALUES ('Canotaje', 'Eslovaquia', 18, '2020-01-01');
INSERT INTO Disciplina (NombreDisciplina, NombrePais, Participantes, Año) VALUES ('Tiro', 'Estados Unidos', 25, '2020-01-01');
INSERT INTO Disciplina (NombreDisciplina, NombrePais, Participantes, Año) VALUES ('Ciclismo de montaña', 'Francia', 35, '2020-01-01');
INSERT INTO Disciplina (NombreDisciplina, NombrePais, Participantes, Año) VALUES ('Skateboarding', 'Estados Unidos', 16, '2020-01-01');
INSERT INTO Disciplina (NombreDisciplina, NombrePais, Participantes, Año) VALUES ('Bádminton', 'China', 32, '2020-01-01');
INSERT INTO Disciplina (NombreDisciplina, NombrePais, Participantes, Año) VALUES ('Softbol', 'Japón', 15, '2020-01-01');
INSERT INTO Disciplina (NombreDisciplina, NombrePais, Participantes, Año) VALUES ('Waterpolo', 'Serbia', 13, '2020-01-01');
INSERT INTO Disciplina (NombreDisciplina, NombrePais, Participantes, Año) VALUES ('Levantamiento de pesas', 'Irán', 35, '2020-01-01');
INSERT INTO Disciplina (NombreDisciplina, NombrePais, Participantes, Año) VALUES ('Ciclismo en pista', 'Reino Unido', 48, '2020-01-01');
INSERT INTO Disciplina (NombreDisciplina, NombrePais, Participantes, Año) VALUES
('Ecuestre', 'Alemania', 25, '2024-01-01'),
('Caminata', 'México', 40, '2024-01-01'),
('Parapente', 'Suiza', 15, '2024-01-01'),
('Salto largo', 'Jamaica', 30, '2024-01-01'),
('Polo acuático', 'Italia', 20, '2024-01-01'),
('Triatlón de invierno', 'Canadá', 18, '2024-01-01'),
('Lanzamiento de martillo', 'Rusia', 22, '2024-01-01'),
('Lanzamiento de disco', 'Estados Unidos', 20, '2024-01-01'),
('Ajedrez', 'India', 50, '2024-01-01'),
('Esquí nórdico', 'Noruega', 45, '2024-01-01'),
('Marcha nórdica', 'Finlandia', 35, '2024-01-01'),
('Natación en aguas abiertas', 'Brasil', 28, '2024-01-01'),
('Buceo', 'Australia', 25, '2024-01-01'),
('Kitesurf', 'Reino Unido', 18, '2024-01-01'),
('Danza deportiva', 'España', 30, '2024-01-01'),
('Tenis en silla de ruedas', 'Suecia', 16, '2024-01-01'),
('Arquería en equipo', 'Corea del Sur', 24, '2024-01-01'),
('Canoas dobles', 'Eslovaquia', 14, '2024-01-01'),
('Rafting', 'Chile', 20, '2024-01-01'),
('Esquí acuático', 'Argentina', 22, '2024-01-01'),
('Bobsleigh en pareja', 'Austria', 12, '2024-01-01'),
('Paracaidismo', 'Francia', 18, '2024-01-01'),
('Esgrima por equipos', 'Japón', 28, '2024-01-01'),
('Lanzamiento de jabalina', 'Sudáfrica', 25, '2024-01-01'),
('Carrera de obstáculos', 'Cuba', 20, '2024-01-01'),
('Karate en equipo', 'Tailandia', 15, '2024-01-01'),
('Paddleboarding', 'Nueva Zelanda', 22, '2024-01-01'),
('Esgrima adaptativa', 'Italia', 18, '2024-01-01'),
('Dardos', 'Reino Unido', 50, '2024-01-01'),
('Pesca deportiva', 'Noruega', 40, '2024-01-01'),
('Lanzamiento de bala', 'Canadá', 25, '2024-01-01'),
('Equilibrio en cuerda', 'Alemania', 12, '2024-01-01'),
('Ciclismo en arena', 'San Vicente y las Granadinas', 18, '2024-01-01'),
('Ski cross', 'Suiza', 15, '2024-01-01'),
('Carrera en nieve', 'Rusia', 20, '2024-01-01'),
('Patinaje sincronizado', 'Finlandia', 35, '2024-01-01'),
('Canotaje extremo', 'Chile', 25, '2024-01-01'),
('Fútbol sala', 'España', 18, '2024-01-01'),
('Motocross', 'Francia', 16, '2024-01-01'),
('Windsurf', 'Australia', 22, '2024-01-01'),
('Ala delta', 'Brasil', 14, '2024-01-01'),
('Pesca submarina', 'Portugal', 18, '2024-01-01'),
('Baile de salón', 'Cuba', 30, '2024-01-01'),
('Breakdance', 'Corea del Sur', 25, '2024-01-01'),
('Esquí de salto largo', 'Austria', 18, '2024-01-01'),
('Pentatlón acuático', 'Estados Unidos', 20, '2024-01-01'),
('Trampolín', 'Reino Unido', 28, '2024-01-01'),
('Carrera de patinetas', 'México', 25, '2024-01-01');

INSERT INTO Agenda (idagenda, localidad, disciplina, horario, fecha, precio, duracion, participantes) VALUES
('A001', 'Estadio Nacional', 'Atletismo', '09:00:00', '2024-07-28', 50.00, 120, '40'),
('A002', 'Piscina Olímpica', 'Natación', '10:30:00', '2024-07-28', 60.00, 90, '20'),
('A003', 'Gimnasio Central', 'Gimnasia', '12:00:00', '2024-07-29', 45.50, 75, '15'),
('A004', 'Cancha Principal', 'Fútbol', '15:00:00', '2024-07-29', 75.00, 150, '22'),
('A005', 'Arena Ciudad', 'Baloncesto', '17:30:00', '2024-07-29', 80.00, 120, '10'),
('A006', 'Pista de Ciclismo', 'Ciclismo', '08:00:00', '2024-07-30', 35.00, 180, '30'),
('A007', 'Río Olímpico', 'Remo', '07:30:00', '2024-07-30', 25.00, 120, '12'),
('A008', 'Estadio Arena', 'Voleibol', '19:00:00', '2024-07-30', 50.00, 90, '20'),
('A009', 'Dojo Olímpico', 'Judo', '16:00:00', '2024-07-31', 40.00, 60, '15'),
('A010', 'Ring Central', 'Boxeo', '18:00:00', '2024-07-31', 30.00, 60, '10'),
('A011', 'Pista de Esgrima', 'Esgrima', '11:00:00', '2024-08-01', 50.00, 90, '10'),
('A012', 'Gimnasio de Pesas', 'Halterofilia', '14:00:00', '2024-08-01', 20.00, 60, '12'),
('A013', 'Campo de Hockey', 'Hockey sobre césped', '09:00:00', '2024-08-02', 45.00, 120, '22'),
('A014', 'Estadio Rugby', 'Rugby', '16:30:00', '2024-08-02', 55.00, 80, '18'),
('A015', 'Club de Golf', 'Golf', '10:00:00', '2024-08-03', 70.00, 180, '10'),
('A016', 'Arena Coreana', 'Taekwondo', '17:00:00', '2024-08-03', 35.00, 75, '12'),
('A017', 'Campo de Arqueros', 'Tiro con arco', '09:30:00', '2024-08-04', 25.00, 90, '15'),
('A018', 'Montaña Olímpica', 'Escalada deportiva', '13:00:00', '2024-08-04', 45.00, 120, '8'),
('A019', 'Playa Olímpica', 'Surf', '08:00:00', '2024-08-05', 50.00, 180, '12'),
('A020', 'Dojo Central', 'Karate', '18:30:00', '2024-08-05', 30.00, 75, '15'),
('A021', 'Parque Olímpico', 'Triatlón', '07:00:00', '2024-08-06', 65.00, 300, '25'),
('A022', 'Pista de Patinaje', 'Patinaje artístico', '14:30:00', '2024-08-06', 60.00, 90, '12'),
('A023', 'Pista de Snowboard', 'Snowboard', '10:00:00', '2024-08-07', 50.00, 150, '10'),
('A024', 'Montaña Alpina', 'Esquí alpino', '08:30:00', '2024-08-07', 55.00, 240, '12'),
('A025', 'Pista de Biatlón', 'Biatlón', '09:00:00', '2024-08-08', 40.00, 180, '10'),
('A026', 'Centro de Curling', 'Curling', '16:00:00', '2024-08-08', 25.00, 90, '8'),
('A027', 'Hockey Arena', 'Hockey sobre hielo', '18:30:00', '2024-08-08', 45.00, 120, '18'),
('A028', 'Estadio Lucha', 'Lucha', '15:30:00', '2024-08-09', 40.00, 90, '16'),
('A029', 'Pentatlón Arena', 'Pentatlón moderno', '08:00:00', '2024-08-09', 60.00, 240, '10'),
('A030', 'Club de Equitación', 'Equitación', '13:30:00', '2024-08-10', 50.00, 180, '8'),
('A031', 'Estadio de Balonmano', 'Balonmano', '14:30:00', '2024-08-10', 35.00, 90, '10'),
('A032', 'Pista de Fondo', 'Esquí de fondo', '07:30:00', '2024-08-11', 55.00, 300, '15'),
('A033', 'Pista de Acrobacias', 'Esquí acrobático', '09:00:00', '2024-08-11', 45.00, 150, '12'),
('A034', 'Pista Bobsleigh', 'Bobsleigh', '10:30:00', '2024-08-12', 40.00, 120, '8'),
('A035', 'Circuito Vela', 'Vela', '13:30:00', '2024-08-12', 70.00, 180, '10'),
('A036', 'Lago Olímpico', 'Canotaje', '11:00:00', '2024-08-13', 50.00, 150, '10'),
('A037', 'Campo de Tiro', 'Tiro', '09:30:00', '2024-08-13', 45.00, 120, '15'),
('A038', 'Pista Montañosa', 'Ciclismo de montaña', '07:00:00', '2024-08-14', 50.00, 300, '12'),
('A039', 'Skate Arena', 'Skateboarding', '18:00:00', '2024-08-14', 25.00, 90, '8'),
('A040', 'Coliseo Bádminton', 'Bádminton', '10:30:00', '2024-08-15', 40.00, 90, '10'),
('A041', 'Piscina Central', 'Waterpolo', '12:00:00', '2024-08-15', 30.00, 90, '15'),
('A042', 'Gimnasio Lev Pesas', 'Levantamiento de pesas', '16:00:00', '2024-08-15', 35.00, 75, '10'),
('A043', 'Pista Velocidad', 'Ciclismo en pista', '09:00:00', '2024-08-16', 55.00, 120, '12'),
('A044', 'Arena Gimnasia', 'Gimnasia artística', '14:30:00', '2024-08-16', 50.00, 90, '10'),
('A045', 'Cancha Tenis', 'Tenis', '15:00:00', '2024-08-17', 45.00, 120, '16'),
('A046', 'Estadio Rugby', 'Rugby', '11:30:00', '2024-08-17', 60.00, 150, '20'),
('A047', 'Pista Maratón', 'Maratón', '06:30:00', '2024-08-18', 30.00, 300, '10'),
('A048', 'Pista Carrera', 'Carrera de velocidad', '08:00:00', '2024-08-18', 20.00, 60, '12');
INSERT INTO Agenda (idagenda, localidad, disciplina, horario, fecha, precio, duracion, participantes) VALUES
('A049', 'Arena Olímpica', 'Lucha', '10:00:00', '2024-08-19', 40.00, 120, '16'),
('A050', 'Pista Olímpica', 'Carrera de obstáculos', '09:30:00', '2024-08-19', 30.00, 90, '12'),
('A051', 'Cancha Central', 'Badminton', '11:00:00', '2024-08-20', 25.00, 75, '20'),
('A052', 'Estadio Hockey', 'Hockey sobre césped', '08:30:00', '2024-08-20', 55.00, 150, '18'),
('A053', 'Velódromo Nacional', 'Ciclismo en pista', '13:00:00', '2024-08-21', 45.00, 180, '15'),
('A054', 'Piscina Olímpica', 'Natación artística', '14:30:00', '2024-08-21', 60.00, 120, '10'),
('A055', 'Dojo Olímpico', 'Karate', '10:00:00', '2024-08-22', 40.00, 90, '16'),
('A056', 'Montaña Olímpica', 'Escalada deportiva', '12:30:00', '2024-08-22', 35.00, 120, '8'),
('A057', 'Estadio Nacional', 'Atletismo', '09:00:00', '2024-08-23', 55.00, 150, '20'),
('A058', 'Río Central', 'Remo', '07:30:00', '2024-08-23', 25.00, 180, '12'),
('A059', 'Arena Principal', 'Baloncesto', '19:00:00', '2024-08-24', 80.00, 120, '10'),
('A060', 'Club de Golf', 'Golf', '08:00:00', '2024-08-24', 70.00, 240, '14'),
('A061', 'Estadio Rugby', 'Rugby', '15:00:00', '2024-08-25', 50.00, 90, '16'),
('A062', 'Campo Olímpico', 'Tiro con arco', '16:30:00', '2024-08-25', 30.00, 90, '15'),
('A063', 'Estadio Maratón', 'Maratón', '06:00:00', '2024-08-26', 20.00, 300, '10'),
('A064', 'Piscina Nacional', 'Waterpolo', '11:00:00', '2024-08-26', 30.00, 90, '12'),
('A065', 'Pista Nacional', 'Ciclismo de montaña', '07:30:00', '2024-08-27', 40.00, 180, '12'),
('A066', 'Estadio Gimnasia', 'Gimnasia rítmica', '13:30:00', '2024-08-27', 50.00, 90, '10'),
('A067', 'Arena Skate', 'Skateboarding', '16:00:00', '2024-08-28', 25.00, 90, '10'),
('A068', 'Estadio Tenis', 'Tenis de mesa', '14:00:00', '2024-08-28', 45.00, 120, '16'),
('A069', 'Estadio Principal', 'Fútbol', '18:30:00', '2024-08-29', 75.00, 150, '22'),
('A070', 'Arena de Pesas', 'Halterofilia', '09:00:00', '2024-08-29', 20.00, 60, '12'),
('A071', 'Montaña Olímpica', 'Esquí de fondo', '08:00:00', '2024-08-30', 45.00, 240, '12'),
('A072', 'Estadio Esgrima', 'Esgrima', '11:00:00', '2024-08-30', 50.00, 120, '10'),
('A073', 'Coliseo Curling', 'Curling', '14:30:00', '2024-08-31', 25.00, 90, '10'),
('A074', 'Arena de Lucha', 'Pentatlón moderno', '09:30:00', '2024-08-31', 60.00, 180, '20'),
('A075', 'Estadio Central', 'Softbol', '19:00:00', '2024-09-01', 40.00, 150, '10'),
('A076', 'Estadio Nacional', 'Tiro deportivo', '07:00:00', '2024-09-01', 35.00, 120, '15'),
('A077', 'Piscina Olímpica', 'Natación', '09:30:00', '2024-09-02', 60.00, 150, '20'),
('A078', 'Río Olímpico', 'Canotaje', '13:30:00', '2024-09-02', 45.00, 180, '12'),
('A079', 'Velódromo Nacional', 'Ciclismo en pista', '10:00:00', '2024-09-03', 55.00, 150, '18'),
('A080', 'Pista de Acrobacias', 'Esquí acrobático', '11:30:00', '2024-09-03', 40.00, 120, '10'),
('A081', 'Estadio Balonmano', 'Balonmano', '16:00:00', '2024-09-04', 35.00, 90, '10'),
('A082', 'Arena Nacional', 'Taekwondo', '09:30:00', '2024-09-04', 30.00, 75, '12'),
('A083', 'Montaña Olímpica', 'Biatlón', '07:30:00', '2024-09-05', 40.00, 180, '10'),
('A084', 'Campo de Rugby', 'Rugby', '12:30:00', '2024-09-05', 55.00, 120, '18'),
('A085', 'Estadio Central', 'Patinaje de velocidad', '15:00:00', '2024-09-06', 45.00, 90, '12'),
('A086', 'Playa Olímpica', 'Surf', '09:00:00', '2024-09-06', 50.00, 150, '10'),
('A087', 'Estadio Golf', 'Golf', '10:30:00', '2024-09-07', 70.00, 240, '12'),
('A088', 'Pista de Velocidad', 'Carrera de velocidad', '08:00:00', '2024-09-07', 20.00, 60, '15'),
('A089', 'Coliseo Gimnasia', 'Gimnasia artística', '14:30:00', '2024-09-08', 50.00, 90, '10'),
('A090', 'Montaña Olímpica', 'Skeleton', '10:00:00', '2024-09-08', 35.00, 150, '10'),
('A091', 'Circuito Olímpico', 'Vela', '09:30:00', '2024-09-09', 70.00, 180, '14'),
('A092', 'Estadio Central', 'Ciclismo de montaña', '07:00:00', '2024-09-09', 45.00, 240, '12'),
('A093', 'Dojo Olímpico', 'Karate', '11:00:00', '2024-09-10', 30.00, 75, '10'),
('A094', 'Plaza Olímpica', 'Triatlón', '06:30:00', '2024-09-10', 65.00, 300, '15'),
('A095', 'Pista Olímpica', 'Skateboarding', '08:00:00', '2024-09-11', 25.00, 120, '8'),
('A096', 'Estadio Hockey', 'Hockey sobre hielo', '12:30:00', '2024-09-11', 55.00, 150, '10');

INSERT INTO arbitro (idarbitro, nombre, apellidop, apellidom, nacionalidad, FechaDeNacimiento) VALUES
('A001', 'Carlos', 'Fernández', 'Gómez', 'España', '1980-04-15'),
('A002', 'Emily', 'Brown', 'Johnson', 'Estados Unidos', '1985-07-22'),
('A003', 'Ivan', 'Petrov', 'Ivanov', 'Rusia', '1982-09-10'),
('A004', 'Laura', 'Martínez', 'López', 'México', '1988-12-01'),
('A005', 'William', 'Taylor', 'Smith', 'Reino Unido', '1979-03-15'),
('A006', 'Marie', 'Dubois', 'Bernard', 'Francia', '1984-06-18'),
('A007', 'Giovanni', 'Rossi', 'Bianchi', 'Italia', '1986-10-09'),
('A008', 'Sophie', 'Schmidt', 'Müller', 'Alemania', '1983-11-25'),
('A009', 'Hiroshi', 'Tanaka', 'Yamamoto', 'Japón', '1987-05-04'),
('A010', 'Lucas', 'Silva', 'Costa', 'Brasil', '1990-01-12'),
('A011', 'Raj', 'Kumar', 'Singh', 'India', '1978-08-19'),
('A012', 'Clara', 'Svensson', 'Lindqvist', 'Suecia', '1981-02-14'),
('A013', 'James', 'Evans', 'Taylor', 'Australia', '1985-09-08'),
('A014', 'Yuna', 'Kim', 'Choi', 'Corea del Sur', '1989-11-22'),
('A015', 'Alyssa', 'Reed', 'Walker', 'Canadá', '1992-03-10'),
('A016', 'Elena', 'Morozova', 'Popova', 'Rusia', '1980-07-17'),
('A017', 'David', 'Hill', 'Morgan', 'Estados Unidos', '1977-01-30'),
('A018', 'Li', 'Wei', 'Zhang', 'China', '1984-04-23'),
('A019', 'Emma', 'Van den Berg', 'De Vries', 'Países Bajos', '1991-06-15'),
('A020', 'Ethan', 'White', 'Campbell', 'Canadá', '1988-12-05'),
('A021', 'Nikola', 'Jovanovic', 'Petrovic', 'Serbia', '1979-05-19'),
('A022', 'Anna', 'Schneider', 'Wolf', 'Austria', '1983-10-27'),
('A023', 'Lars', 'Hansen', 'Olsen', 'Noruega', '1982-02-18'),
('A024', 'Jessica', 'Walker', 'Nelson', 'Estados Unidos', '1990-11-09'),
('A025', 'Thomas', 'Clark', 'Hughes', 'Reino Unido', '1993-08-25'),
('A026', 'Claire', 'Durand', 'Meier', 'Suiza', '1985-09-05'),
('A027', 'Sophia', 'Lee', 'Kim', 'Corea del Sur', '1989-06-14'),
('A028', 'Mads', 'Christensen', 'Larsen', 'Dinamarca', '1978-03-18'),
('A029', 'Lucas', 'Martínez', 'García', 'Argentina', '1987-12-28'),
('A030', 'Daniel', 'Cruz', 'Alonso', 'México', '1986-04-11'),
('A031', 'Takashi', 'Nakamura', 'Ito', 'Japón', '1991-01-17'),
('A032', 'Amanda', 'Fisher', 'Scott', 'Canadá', '1982-05-25'),
('A033', 'Pierre', 'Lemoine', 'Durand', 'Francia', '1994-03-16'),
('A034', 'Matej', 'Novak', 'Horvat', 'Eslovaquia', '1989-08-04'),
('A035', 'Clara', 'Anderson', 'Taylor', 'Suecia', '1987-07-14'),
('A036', 'Marie', 'Bernard', 'Richard', 'Francia', '1980-02-22'),
('A037', 'Michael', 'Roberts', 'Carter', 'Estados Unidos', '1993-06-03'),
('A038', 'Li', 'Huang', 'Chen', 'China', '1986-12-15'),
('A039', 'Ethan', 'Johnson', 'Stewart', 'Australia', '1988-01-08'),
('A040', 'Jessica', 'Taylor', 'Miller', 'Reino Unido', '1984-09-25'),
('A041', 'Emma', 'González', 'Díaz', 'España', '1982-10-19'),
('A042', 'Lucas', 'Brown', 'White', 'Estados Unidos', '1986-04-10'),
('A043', 'Takashi', 'Tanaka', 'Ito', 'Japón', '1991-08-29'),
('A044', 'Sophia', 'Taylor', 'Evans', 'Australia', '1990-02-14'),
('A045', 'Raj', 'Khan', 'Singh', 'India', '1983-03-25'),
('A046', 'Alejandro', 'Fernández', 'Pérez', 'Cuba', '1988-05-07'),
('A047', 'Yuna', 'Choi', 'Lee', 'Corea del Sur', '1985-07-19'),
('A048', 'Claire', 'Dubois', 'Martin', 'Francia', '1990-11-11'),
('A049', 'Daniel', 'Martínez', 'López', 'México', '1987-09-23'),
('A050', 'Marie', 'Durand', 'Lemoine', 'Francia', '1992-03-14');
INSERT INTO arbitro (idarbitro, nombre, apellidop, apellidom, nacionalidad, fechaDeNacimiento) VALUES
('A051', 'Carlos', 'Lopez', 'Martinez', 'España', '1981-02-15'),
('A052', 'Emily', 'Johnson', 'Brown', 'Estados Unidos', '1986-11-23'),
('A053', 'Ivan', 'Smirnov', 'Volkov', 'Rusia', '1984-07-18'),
('A054', 'Laura', 'Ramirez', 'Hernandez', 'México', '1989-08-30'),
('A055', 'William', 'Smith', 'Taylor', 'Reino Unido', '1983-05-19'),
('A056', 'Marie', 'Dupont', 'Girard', 'Francia', '1982-09-14'),
('A057', 'Giovanni', 'Ricci', 'Conti', 'Italia', '1985-04-22'),
('A058', 'Sophie', 'Fischer', 'Koch', 'Alemania', '1987-06-12'),
('A059', 'Hiroshi', 'Suzuki', 'Kobayashi', 'Japón', '1992-03-15'),
('A060', 'Lucas', 'Oliveira', 'Souza', 'Brasil', '1984-12-20'),
('A061', 'Raj', 'Singh', 'Patel', 'India', '1979-07-10'),
('A062', 'Clara', 'Andersson', 'Berg', 'Suecia', '1981-10-21'),
('A063', 'James', 'Williams', 'Clark', 'Australia', '1983-12-15'),
('A064', 'Yuna', 'Park', 'Kim', 'Corea del Sur', '1990-01-30'),
('A065', 'Alyssa', 'White', 'Davis', 'Canadá', '1991-11-22'),
('A066', 'Elena', 'Kuznetsova', 'Ivanova', 'Rusia', '1985-05-25'),
('A067', 'David', 'Moore', 'Walker', 'Estados Unidos', '1980-06-18'),
('A068', 'Li', 'Xiao', 'Chen', 'China', '1983-04-10'),
('A069', 'Emma', 'De Boer', 'Janssen', 'Países Bajos', '1992-08-14'),
('A070', 'Ethan', 'Brown', 'Campbell', 'Canadá', '1990-07-25'),
('A071', 'Nikola', 'Nikolic', 'Stojanovic', 'Serbia', '1978-03-05'),
('A072', 'Anna', 'Hoffmann', 'Schneider', 'Austria', '1984-12-12'),
('A073', 'Lars', 'Johansen', 'Pedersen', 'Noruega', '1981-01-11'),
('A074', 'Jessica', 'Taylor', 'Hughes', 'Estados Unidos', '1993-02-28'),
('A075', 'Thomas', 'Harris', 'Lewis', 'Reino Unido', '1992-05-15'),
('A076', 'Claire', 'Müller', 'Weber', 'Suiza', '1987-09-20'),
('A077', 'Sophia', 'Kim', 'Park', 'Corea del Sur', '1991-08-13'),
('A078', 'Mads', 'Larsen', 'Christensen', 'Dinamarca', '1980-07-16'),
('A079', 'Lucas', 'Garcia', 'Ramirez', 'Argentina', '1989-11-07'),
('A080', 'Daniel', 'Lopez', 'Gonzalez', 'México', '1988-09-25'),
('A081', 'Takashi', 'Yamamoto', 'Nakamura', 'Japón', '1993-05-03'),
('A082', 'Amanda', 'Scott', 'Johnson', 'Canadá', '1984-10-19'),
('A083', 'Pierre', 'Durand', 'Bernard', 'Francia', '1994-06-14'),
('A084', 'Matej', 'Kovac', 'Horvath', 'Eslovaquia', '1990-03-12'),
('A085', 'Clara', 'Nielsen', 'Svensson', 'Suecia', '1986-01-22'),
('A086', 'Marie', 'Richard', 'Giraud', 'Francia', '1983-02-25'),
('A087', 'Michael', 'Taylor', 'Evans', 'Estados Unidos', '1988-11-30'),
('A088', 'Li', 'Yang', 'Zhou', 'China', '1987-08-10'),
('A089', 'Ethan', 'Evans', 'Stewart', 'Australia', '1989-04-08'),
('A090', 'Jessica', 'Davis', 'Thompson', 'Reino Unido', '1985-12-18'),
('A091', 'Emma', 'Diaz', 'Gonzalez', 'España', '1983-03-27'),
('A092', 'Lucas', 'Smith', 'Jones', 'Estados Unidos', '1981-09-30'),
('A093', 'Takashi', 'Kobayashi', 'Tanaka', 'Japón', '1992-12-15'),
('A094', 'Sophia', 'Brown', 'Evans', 'Australia', '1986-10-07'),
('A095', 'Raj', 'Patel', 'Sharma', 'India', '1984-06-11'),
('A096', 'Alejandro', 'Perez', 'Fernandez', 'Cuba', '1991-07-25'),
('A097', 'Yuna', 'Lee', 'Choi', 'Corea del Sur', '1989-01-18'),
('A098', 'Claire', 'Martin', 'Dubois', 'Francia', '1990-09-21'),
('A099', 'Daniel', 'Hernandez', 'Martinez', 'México', '1993-08-29'),
('A100', 'Marie', 'Bernard', 'Dupont', 'Francia', '1985-05-12');

INSERT INTO Atleta (idatleta, nombrepais, disciplina, genero, nombre, apellidop, apellidom, fechadenacimiento, año) VALUES
('A001', 'Estados Unidos', 'Atletismo', 'Masculino', 'John', 'Smith', 'Doe', '1990-01-15', '2024-07-28'),
('A002', 'Australia', 'Natación', 'Femenino', 'Emma', 'Taylor', 'Brown', '1995-03-22', '2024-07-28'),
('A003', 'Rusia', 'Gimnasia', 'Femenino', 'Anastasia', 'Ivanova', 'Petrova', '2000-05-30', '2024-07-29'),
('A004', 'Brasil', 'Fútbol', 'Masculino', 'Lucas', 'Silva', 'Costa', '1998-08-19', '2024-07-29'),
('A005', 'España', 'Baloncesto', 'Masculino', 'Carlos', 'González', 'López', '1993-02-10', '2024-07-29'),
('A006', 'Francia', 'Ciclismo', 'Femenino', 'Claire', 'Dubois', 'Martin', '1997-09-12', '2024-07-30'),
('A007', 'Reino Unido', 'Remo', 'Masculino', 'William', 'Jones', 'Brown', '1988-12-25', '2024-07-30'),
('A008', 'Italia', 'Voleibol', 'Femenino', 'Giulia', 'Rossi', 'Bianchi', '1994-06-03', '2024-07-30'),
('A009', 'Japón', 'Judo', 'Masculino', 'Hiroshi', 'Tanaka', 'Yamamoto', '1991-11-20', '2024-07-31'),
('A010', 'Argentina', 'Boxeo', 'Masculino', 'Alejandro', 'Pérez', 'García', '1989-04-17', '2024-07-31'),
('A011', 'Alemania', 'Esgrima', 'Femenino', 'Sophie', 'Schmidt', 'Müller', '1996-05-08', '2024-08-01'),
('A012', 'China', 'Halterofilia', 'Masculino', 'Li', 'Wei', 'Zhang', '1992-07-14', '2024-08-01'),
('A013', 'Países Bajos', 'Hockey sobre césped', 'Femenino', 'Emma', 'Van den Berg', 'De Vries', '1998-01-30', '2024-08-02'),
('A014', 'Nueva Zelanda', 'Rugby', 'Masculino', 'Jack', 'Williams', 'Taylor', '1994-09-18', '2024-08-02'),
('A015', 'Corea del Sur', 'Golf', 'Femenino', 'Yuna', 'Kim', 'Choi', '1997-03-11', '2024-08-03'),
('A016', 'India', 'Tiro con arco', 'Masculino', 'Raj', 'Kumar', 'Singh', '1990-12-01', '2024-08-04'),
('A017', 'Australia', 'Surf', 'Femenino', 'Sophia', 'Brown', 'Taylor', '1999-02-21', '2024-08-05'),
('A018', 'Japón', 'Karate', 'Masculino', 'Takashi', 'Nakamura', 'Ito', '1995-07-16', '2024-08-05'),
('A019', 'Canadá', 'Triatlón', 'Femenino', 'Olivia', 'Johnson', 'Miller', '2001-10-10', '2024-08-06'),
('A020', 'Rusia', 'Patinaje artístico', 'Femenino', 'Ekaterina', 'Morozova', 'Popova', '2003-03-03', '2024-08-06'),
('A021', 'Estados Unidos', 'Snowboard', 'Masculino', 'David', 'Hill', 'Morgan', '1998-05-14', '2024-08-07'),
('A022', 'Austria', 'Esquí alpino', 'Femenino', 'Anna', 'Schneider', 'Wolf', '1991-04-06', '2024-08-07'),
('A023', 'Noruega', 'Biatlón', 'Masculino', 'Lars', 'Hansen', 'Olsen', '1993-08-28', '2024-08-08'),
('A024', 'Suecia', 'Curling', 'Femenino', 'Elin', 'Johansson', 'Andersson', '2000-09-15', '2024-08-08'),
('A025', 'Canadá', 'Hockey sobre hielo', 'Masculino', 'Ethan', 'White', 'Campbell', '1988-06-19', '2024-08-08'),
('A026', 'Kazajistán', 'Lucha', 'Masculino', 'Arman', 'Nazarbayev', 'Tulepov', '1995-01-05', '2024-08-09'),
('A027', 'Hungría', 'Pentatlón moderno', 'Femenino', 'Noemi', 'Nagy', 'Toth', '1992-12-22', '2024-08-09'),
('A028', 'Suecia', 'Equitación', 'Femenino', 'Clara', 'Svensson', 'Lindqvist', '1994-11-11', '2024-08-10'),
('A029', 'Dinamarca', 'Balonmano', 'Masculino', 'Mads', 'Christensen', 'Larsen', '1997-05-05', '2024-08-10'),
('A030', 'Finlandia', 'Esquí de fondo', 'Femenino', 'Aino', 'Virtanen', 'Lehtinen', '1989-02-17', '2024-08-11'),
('A031', 'Francia', 'Esquí acrobático', 'Masculino', 'Pierre', 'Lemoine', 'Durand', '1993-07-21', '2024-08-11'),
('A032', 'Suiza', 'Bobsleigh', 'Femenino', 'Sofia', 'Meier', 'Huber', '1991-10-12', '2024-08-12'),
('A033', 'Reino Unido', 'Vela', 'Masculino', 'James', 'Taylor', 'Evans', '1996-01-25', '2024-08-12'),
('A034', 'Eslovaquia', 'Canotaje', 'Masculino', 'Matej', 'Novak', 'Horvat', '2002-05-31', '2024-08-13'),
('A035', 'Estados Unidos', 'Tiro', 'Femenino', 'Jessica', 'Walker', 'Nelson', '1998-03-09', '2024-08-13'),
('A036', 'Francia', 'Ciclismo de montaña', 'Femenino', 'Marie', 'Bernard', 'Richard', '1994-11-27', '2024-08-14'),
('A037', 'Estados Unidos', 'Skateboarding', 'Masculino', 'Michael', 'Roberts', 'Carter', '1999-07-18', '2024-08-14'),
('A038', 'China', 'Bádminton', 'Femenino', 'Li', 'Huang', 'Chen', '1997-10-03', '2024-08-15'),
('A039', 'Serbia', 'Waterpolo', 'Masculino', 'Nikola', 'Jovanovic', 'Petrovic', '1992-06-15', '2024-08-15'),
('A040', 'Reino Unido', 'Ciclismo en pista', 'Masculino', 'Thomas', 'Clark', 'Hughes', '2000-02-28', '2024-08-16'),
('A041', 'Estados Unidos', 'Boxeo', 'Femenino', 'Alyssa', 'Davis', 'Reed', '2001-01-20', '2024-08-16'),
('A042', 'Japón', 'Bobsleigh', 'Masculino', 'Taro', 'Yoshida', 'Inoue', '1995-04-08', '2024-08-17'),
('A043', 'Australia', 'Rugby', 'Masculino', 'Ethan', 'Johnson', 'Stewart', '1989-09-23', '2024-08-17');
INSERT INTO Atleta (idatleta, nombrepais, disciplina, genero, nombre, apellidop, apellidom, fechadenacimiento, año) VALUES
('A044', 'España', 'Atletismo', 'Masculino', 'Carlos', 'Fernández', 'López', '1995-08-15', '2024-07-28'),
('A045', 'Francia', 'Natación', 'Femenino', 'Clara', 'Dubois', 'Moreau', '1992-11-10', '2024-07-28'),
('A046', 'México', 'Boxeo', 'Masculino', 'Luis', 'Martínez', 'Hernández', '1988-07-21', '2024-07-31'),
('A047', 'Alemania', 'Esgrima', 'Femenino', 'Sophia', 'Fischer', 'Becker', '1993-03-14', '2024-08-01'),
('A048', 'Italia', 'Gimnasia', 'Masculino', 'Marco', 'Rossi', 'Bianchi', '1996-12-01', '2024-07-29'),
('A049', 'Brasil', 'Voleibol', 'Femenino', 'Ana', 'Silva', 'Costa', '1994-05-06', '2024-07-30'),
('A050', 'Japón', 'Judo', 'Femenino', 'Yuki', 'Tanaka', 'Kobayashi', '2000-03-19', '2024-07-31'),
('A051', 'Reino Unido', 'Remo', 'Masculino', 'James', 'Taylor', 'Hughes', '1997-10-11', '2024-07-30'),
('A052', 'Corea del Sur', 'Golf', 'Femenino', 'Minji', 'Kim', 'Lee', '1998-02-24', '2024-08-03'),
('A053', 'Argentina', 'Balonmano', 'Masculino', 'Juan', 'Pérez', 'Díaz', '1999-12-18', '2024-08-10'),
('A054', 'Australia', 'Ciclismo', 'Masculino', 'Ethan', 'Brown', 'Taylor', '1989-09-23', '2024-07-30'),
('A055', 'Suecia', 'Curling', 'Femenino', 'Elin', 'Svensson', 'Johansson', '2001-01-25', '2024-08-08'),
('A056', 'Noruega', 'Biatlón', 'Masculino', 'Lars', 'Olsen', 'Hansen', '1993-06-15', '2024-08-08'),
('A057', 'Kazajistán', 'Lucha', 'Femenino', 'Aida', 'Nazarbayeva', 'Tulepova', '1995-04-28', '2024-08-09'),
('A058', 'Hungría', 'Pentatlón moderno', 'Masculino', 'Balázs', 'Nagy', 'Toth', '1992-08-14', '2024-08-09'),
('A059', 'Suiza', 'Bobsleigh', 'Femenino', 'Sofia', 'Huber', 'Meier', '1994-11-05', '2024-08-12'),
('A060', 'China', 'Halterofilia', 'Masculino', 'Wei', 'Chen', 'Zhang', '1997-02-17', '2024-08-01'),
('A061', 'México', 'Tiro con arco', 'Masculino', 'Pedro', 'Ramírez', 'González', '1998-11-23', '2024-08-04'),
('A062', 'España', 'Waterpolo', 'Femenino', 'Laura', 'García', 'Martínez', '1995-06-30', '2024-08-15'),
('A063', 'Francia', 'Vela', 'Masculino', 'Pierre', 'Durand', 'Girard', '1999-09-19', '2024-08-12'),
('A064', 'Estados Unidos', 'Softbol', 'Femenino', 'Emily', 'Walker', 'Davis', '2000-05-07', '2024-08-15'),
('A065', 'Italia', 'Equitación', 'Femenino', 'Giulia', 'Bianchi', 'Conti', '1996-08-29', '2024-08-10'),
('A066', 'Rusia', 'Patinaje artístico', 'Masculino', 'Ivan', 'Petrov', 'Ivanov', '1992-03-15', '2024-08-06'),
('A067', 'Argentina', 'Rugby', 'Masculino', 'Mateo', 'Fernández', 'Díaz', '1997-12-08', '2024-08-02'),
('A068', 'Brasil', 'Fútbol', 'Femenino', 'Maria', 'Santos', 'Costa', '1993-04-12', '2024-07-29'),
('A069', 'Japón', 'Karate', 'Masculino', 'Takumi', 'Yamamoto', 'Nakamura', '1998-06-20', '2024-08-05'),
('A070', 'India', 'Tiro', 'Femenino', 'Aditi', 'Sharma', 'Patel', '1999-08-11', '2024-08-13'),
('A071', 'Corea del Sur', 'Taekwondo', 'Femenino', 'Hyejin', 'Lee', 'Park', '1996-10-27', '2024-08-03'),
('A072', 'Reino Unido', 'Skateboarding', 'Masculino', 'Oliver', 'Hughes', 'Evans', '2002-01-05', '2024-08-14'),
('A073', 'Alemania', 'Ciclismo en pista', 'Masculino', 'Lukas', 'Koch', 'Müller', '1995-03-31', '2024-08-16'),
('A074', 'Canadá', 'Triatlón', 'Femenino', 'Alyssa', 'White', 'Brown', '2001-09-18', '2024-08-06'),
('A075', 'Australia', 'Snowboard', 'Femenino', 'Sophie', 'Taylor', 'Johnson', '1998-12-21', '2024-08-07'),
('A076', 'Francia', 'Esquí alpino', 'Femenino', 'Claire', 'Dupont', 'Morel', '1996-04-25', '2024-08-07'),
('A077', 'Países Bajos', 'Hockey sobre césped', 'Masculino', 'Daan', 'Janssen', 'De Vries', '1992-11-14', '2024-08-02'),
('A078', 'China', 'Bádminton', 'Femenino', 'Mei', 'Huang', 'Li', '1997-01-19', '2024-08-15'),
('A079', 'Suecia', 'Esquí de fondo', 'Femenino', 'Lina', 'Karlsson', 'Andersson', '1999-07-09', '2024-08-11'),
('A080', 'Finlandia', 'Esquí acrobático', 'Masculino', 'Aaro', 'Virtanen', 'Lehtinen', '1995-09-22', '2024-08-11'),
('A081', 'España', 'Boxeo', 'Masculino', 'Miguel', 'Martínez', 'Hernández', '1996-03-18', '2024-07-31'),
('A082', 'Noruega', 'Curling', 'Femenino', 'Astrid', 'Hansen', 'Larsen', '1998-06-16', '2024-08-08'),
('A083', 'Kazajistán', 'Lucha', 'Masculino', 'Dmitry', 'Ivanov', 'Smirnov', '1992-10-03', '2024-08-09'),
('A084', 'Hungría', 'Pentatlón moderno', 'Femenino', 'Eszter', 'Toth', 'Nagy', '1999-05-11', '2024-08-09'),
('A085', 'Italia', 'Remo', 'Masculino', 'Francesco', 'Rossi', 'Bianchi', '1990-12-10', '2024-07-30'),
('A086', 'Japón', 'Patinaje artístico', 'Femenino', 'Aya', 'Tanaka', 'Kobayashi', '2000-03-19', '2024-08-06'),
('A087', 'Estados Unidos', 'Polo acuático', 'Masculino', 'Jake', 'Wilson', 'Miller', '1994-07-05', '2024-08-18'),
('A088', 'Argentina', 'Rugby', 'Masculino', 'Facundo', 'Pérez', 'López', '1998-09-10', '2024-08-02'),
('A089', 'Australia', 'Surf', 'Femenino', 'Emily', 'Johnson', 'Smith', '1997-04-30', '2024-08-05'),
('A090', 'España', 'Esgrima', 'Femenino', 'Lucía', 'Gómez', 'Díaz', '1996-01-19', '2024-08-01'),
('A091', 'México', 'Tiro con arco', 'Masculino', 'Jorge', 'Ramírez', 'Sánchez', '1995-06-22', '2024-08-04'),
('A092', 'Francia', 'Halterofilia', 'Masculino', 'Thomas', 'Durand', 'Lemoine', '1993-08-14', '2024-08-01'),
('A093', 'Italia', 'Vela', 'Femenino', 'Chiara', 'Conti', 'Rossi', '1999-11-27', '2024-08-12'),
('A094', 'Japón', 'Karate', 'Masculino', 'Kenji', 'Yamada', 'Tanaka', '1992-03-07', '2024-08-05'),
('A095', 'Suecia', 'Equitación', 'Femenino', 'Sara', 'Lindqvist', 'Johansson', '1997-12-18', '2024-08-10'),
('A096', 'Brasil', 'Fútbol', 'Femenino', 'Gabriela', 'Silva', 'Costa', '1996-09-15', '2024-07-29'),
('A097', 'Alemania', 'Ciclismo en pista', 'Masculino', 'Maximilian', 'Koch', 'Müller', '1990-02-03', '2024-08-16'),
('A098', 'China', 'Softbol', 'Femenino', 'Xia', 'Li', 'Zhang', '1999-11-05', '2024-08-15'),
('A099', 'Corea del Sur', 'Golf', 'Masculino', 'Hyun', 'Park', 'Lee', '1991-04-22', '2024-08-03'),
('A100', 'Noruega', 'Esquí de fondo', 'Masculino', 'Erik', 'Hansen', 'Larsen', '1993-10-18', '2024-08-11');

INSERT INTO competencia (idCompetencia, idAtleta, faseEliminatoria) VALUES
('C001', 'A001', true),
('C002', 'A002', false),
('C003', 'A003', true),
('C004', 'A004', true),
('C005', 'A005', false),
('C006', 'A006', true),
('C007', 'A007', false),
('C008', 'A008', true),
('C009', 'A009', false),
('C010', 'A010', true),
('C011', 'A011', true),
('C012', 'A012', false),
('C013', 'A013', true),
('C014', 'A014', false),
('C015', 'A015', true),
('C016', 'A016', false),
('C017', 'A017', true),
('C018', 'A018', false),
('C019', 'A019', true),
('C020', 'A020', false),
('C021', 'A021', true),
('C022', 'A022', false),
('C023', 'A023', true),
('C024', 'A024', false),
('C025', 'A025', true),
('C026', 'A026', true),
('C027', 'A027', false),
('C028', 'A028', true),
('C029', 'A029', false),
('C030', 'A030', true),
('C031', 'A031', true),
('C032', 'A032', false),
('C033', 'A033', true),
('C034', 'A034', false),
('C035', 'A035', true),
('C036', 'A036', false),
('C037', 'A037', true),
('C038', 'A038', false),
('C039', 'A039', true),
('C040', 'A040', false),
('C041', 'A041', true),
('C042', 'A042', false),
('C043', 'A043', true);
INSERT INTO competencia (idCompetencia, idAtleta, faseEliminatoria) VALUES
('C044', 'A044', false),
('C045', 'A045', true),
('C046', 'A046', false),
('C047', 'A047', true),
('C048', 'A048', false),
('C049', 'A049', true),
('C050', 'A050', false),
('C051', 'A051', true),
('C052', 'A052', false),
('C053', 'A053', true),
('C054', 'A054', false),
('C055', 'A055', true),
('C056', 'A056', false),
('C057', 'A057', true),
('C058', 'A058', false),
('C059', 'A059', true),
('C060', 'A060', false),
('C061', 'A061', true),
('C062', 'A062', false),
('C063', 'A063', true),
('C064', 'A064', false),
('C065', 'A065', true),
('C066', 'A066', false),
('C067', 'A067', true),
('C068', 'A068', false),
('C069', 'A069', true),
('C070', 'A070', false),
('C071', 'A071', true),
('C072', 'A072', false),
('C073', 'A073', true),
('C074', 'A074', false),
('C075', 'A075', true),
('C076', 'A076', false),
('C077', 'A077', true),
('C078', 'A078', false),
('C079', 'A079', true),
('C080', 'A080', false),
('C081', 'A081', true),
('C082', 'A082', false),
('C083', 'A083', true),
('C084', 'A084', false),
('C085', 'A085', true),
('C086', 'A086', false),
('C087', 'A087', true),
('C088', 'A088', false),
('C089', 'A089', true),
('C090', 'A090', false),
('C091', 'A091', true),
('C092', 'A092', false),
('C093', 'A093', true),
('C094', 'A094', false),
('C095', 'A095', true),
('C096', 'A096', false),
('C097', 'A097', true),
('C098', 'A098', false),
('C099', 'A099', true),
('C100', 'A100', false);

INSERT INTO CorreoArbitro (idarbitro, correo) VALUES
('A001', 'carlos.gomez@gmail.com'),
('A002', 'emily.brown@yahoo.com'),
('A003', 'ivan.petrov@mail.ru'),
('A004', 'laura.martinez@outlook.com'),
('A005', 'william.taylor@live.co.uk'),
('A006', 'marie.dubois@orange.fr'),
('A007', 'giovanni.rossi@gmail.com'),
('A008', 'sophie.schmidt@yahoo.de'),
('A009', 'hiroshi.tanaka@japan.jp'),
('A010', 'lucas.silva@uol.com.br'),
('A011', 'raj.kumar@hotmail.com'),
('A012', 'clara.svensson@sweden.se'),
('A013', 'james.evans@gmail.com'),
('A014', 'yuna.kim@korea.kr'),
('A015', 'alyssa.reed@hotmail.ca'),
('A016', 'elena.morozova@mail.ru'),
('A017', 'david.hill@gmail.com'),
('A018', 'li.wei@china.cn'),
('A019', 'emma.berg@netherlands.nl'),
('A020', 'ethan.white@yahoo.ca'),
('A021', 'nikola.jovanovic@serbia.rs'),
('A022', 'anna.schneider@austria.at'),
('A023', 'lars.hansen@gmail.com'),
('A024', 'jessica.walker@hotmail.com'),
('A025', 'thomas.clark@live.co.uk'),
('A026', 'claire.durand@swiss.ch'),
('A027', 'sophia.lee@korea.kr'),
('A028', 'mads.christensen@denmark.dk'),
('A029', 'lucas.martinez@gmail.com'),
('A030', 'daniel.cruz@outlook.com'),
('A031', 'takashi.nakamura@japan.jp'),
('A032', 'amanda.fisher@hotmail.ca'),
('A033', 'pierre.lemoine@orange.fr'),
('A034', 'matej.novak@gmail.com'),
('A035', 'clara.anderson@sweden.se'),
('A036', 'marie.bernard@orange.fr'),
('A037', 'michael.roberts@yahoo.com'),
('A038', 'li.huang@china.cn'),
('A039', 'ethan.johnson@gmail.com'),
('A040', 'jessica.taylor@live.co.uk'),
('A041', 'emma.gonzalez@gmail.com'),
('A042', 'lucas.brown@hotmail.com'),
('A043', 'takashi.tanaka@japan.jp'),
('A044', 'sophia.taylor@gmail.com'),
('A045', 'raj.khan@hotmail.com'),
('A046', 'alejandro.fernandez@cuba.cu'),
('A047', 'yuna.choi@korea.kr'),
('A048', 'claire.dubois@orange.fr'),
('A049', 'daniel.martinez@gmail.com'),
('A050', 'marie.durand@orange.fr');
INSERT INTO CorreoArbitro (idarbitro, correo) VALUES
('A051', 'andrew.smith@gmail.com'),
('A052', 'emma.johnson@yahoo.com'),
('A053', 'ivan.volkov@mail.ru'),
('A054', 'sofia.hernandez@outlook.com'),
('A055', 'charles.brown@live.co.uk'),
('A056', 'julie.lambert@orange.fr'),
('A057', 'marco.ricci@gmail.com'),
('A058', 'katja.mueller@yahoo.de'),
('A059', 'akira.takahashi@japan.jp'),
('A060', 'pedro.santos@uol.com.br'),
('A061', 'amir.ali@hotmail.com'),
('A062', 'lena.olsson@sweden.se'),
('A063', 'robert.clark@gmail.com'),
('A064', 'jiwoo.kim@korea.kr'),
('A065', 'olivia.jones@hotmail.ca'),
('A066', 'viktoria.smirnova@mail.ru'),
('A067', 'michael.green@gmail.com'),
('A068', 'feng.wang@china.cn'),
('A069', 'sanne.dejong@netherlands.nl'),
('A070', 'liam.baker@yahoo.ca'),
('A071', 'bojan.markovic@serbia.rs'),
('A072', 'katja.auer@austria.at'),
('A073', 'ole.kristiansen@gmail.com'),
('A074', 'samantha.thompson@hotmail.com'),
('A075', 'daniel.james@live.co.uk'),
('A076', 'amelie.meyer@swiss.ch'),
('A077', 'eunji.kim@korea.kr'),
('A078', 'anders.jensen@denmark.dk'),
('A079', 'juan.garcia@gmail.com'),
('A080', 'javier.fernandez@outlook.com'),
('A081', 'naoki.yamamoto@japan.jp'),
('A082', 'sarah.jenkins@hotmail.ca'),
('A083', 'antoine.dupont@orange.fr'),
('A084', 'janko.kovac@gmail.com'),
('A085', 'frida.nilsson@sweden.se'),
('A086', 'paul.richard@orange.fr'),
('A087', 'george.brown@yahoo.com'),
('A088', 'mei.zhao@china.cn'),
('A089', 'noah.miller@gmail.com'),
('A090', 'isabella.williams@live.co.uk'),
('A091', 'andrea.martinez@gmail.com'),
('A092', 'manuel.lopez@hotmail.com'),
('A093', 'shota.kobayashi@japan.jp'),
('A094', 'hannah.evans@gmail.com'),
('A095', 'mohammed.khan@hotmail.com'),
('A096', 'alberto.rodriguez@cuba.cu'),
('A097', 'sungmin.park@korea.kr'),
('A098', 'emilie.bouchet@orange.fr'),
('A099', 'mateo.gomez@gmail.com'),
('A100', 'celine.dubois@orange.fr');

INSERT INTO CorreoAtleta (idAtleta, correo) VALUES
('A001', 'santiago.earlam@gmail.com'),
('A002', 'miguel.lopez@yahoo.com'),
('A003', 'andrea.martinez@outlook.com'),
('A004', 'carlos.fernandez@gmail.com'),
('A005', 'laura.gomez@live.com'),
('A006', 'ricardo.rojas@mail.com'),
('A007', 'paula.torres@uol.com'),
('A008', 'daniel.sanchez@gmail.com'),
('A009', 'maria.hernandez@yahoo.com'),
('A010', 'ana.garcia@outlook.com'),
('A011', 'luis.martinez@gmail.com'),
('A012', 'carolina.ramirez@yahoo.com'),
('A013', 'jose.perez@outlook.com'),
('A014', 'valeria.rodriguez@gmail.com'),
('A015', 'pedro.gonzalez@live.com'),
('A016', 'fernando.silva@orange.fr'),
('A017', 'sofia.mendoza@gmail.com'),
('A018', 'emilio.rivera@uol.com'),
('A019', 'martina.morales@yahoo.com'),
('A020', 'diego.castillo@gmail.com'),
('A021', 'javier.ortiz@live.com'),
('A022', 'lucia.navarro@mail.ru'),
('A023', 'alvaro.romero@gmail.com'),
('A024', 'camila.espinoza@yahoo.com'),
('A025', 'marcos.salinas@outlook.com'),
('A026', 'isabella.delacruz@gmail.com'),
('A027', 'juan.ruiz@uol.com'),
('A028', 'elena.soto@yahoo.com'),
('A029', 'hector.mejia@gmail.com'),
('A030', 'nAalia.vera@orange.fr'),
('A031', 'esteban.lopez@gmail.com'),
('A032', 'valentina.tapia@uol.com'),
('A033', 'roberto.vargas@yahoo.com'),
('A034', 'pAricia.ayala@gmail.com'),
('A035', 'gustavo.molina@live.com'),
('A036', 'alejandra.duran@gmail.com'),
('A037', 'manuel.fuentes@yahoo.com'),
('A038', 'diana.chavez@outlook.com'),
('A039', 'adrian.ponce@gmail.com'),
('A040', 'angelica.moreno@yahoo.com'),
('A041', 'felipe.guerra@gmail.com'),
('A042', 'carla.quintero@orange.fr'),
('A043', 'raul.carrillo@gmail.com');
INSERT INTO CorreoAtleta (idAtleta, correo) values
('A044', 'luciana.flores@gmail.com'),
('A045', 'oscar.luna@yahoo.com'),
('A046', 'margarita.gutierrez@outlook.com'),
('A047', 'bruno.rosales@gmail.com'),
('A048', 'emilia.vargas@uol.com'),
('A049', 'jorge.campos@gmail.com'),
('A050', 'valentina.martinez@yahoo.com'),
('A051', 'ricardo.nunez@live.com'),
('A052', 'paula.torres@mail.ru'),
('A053', 'damian.espinosa@gmail.com'),
('A054', 'gabriela.gonzalez@yahoo.com'),
('A055', 'eduardo.romero@gmail.com'),
('A056', 'daniela.montes@outlook.com'),
('A057', 'sofia.lopez@uol.com'),
('A058', 'martin.ortega@gmail.com'),
('A059', 'vanesa.fernandez@orange.fr'),
('A060', 'josefina.garcia@gmail.com'),
('A061', 'mariano.mendez@yahoo.com'),
('A062', 'rosa.torres@outlook.com'),
('A063', 'alberto.vasquez@gmail.com'),
('A064', 'julieta.alvarez@yahoo.com'),
('A065', 'carlos.moreno@live.com'),
('A066', 'camila.larios@gmail.com'),
('A067', 'hernan.soto@yahoo.com'),
('A068', 'loreto.arias@uol.com'),
('A069', 'alexandra.escobar@mail.ru'),
('A070', 'sergio.villalobos@gmail.com'),
('A071', 'camilo.bustos@yahoo.com'),
('A072', 'juliana.vidal@outlook.com'),
('A073', 'dario.acosta@gmail.com'),
('A074', 'antonio.lagos@orange.fr'),
('A075', 'lucia.ramos@gmail.com'),
('A076', 'ignacio.paredes@yahoo.com'),
('A077', 'carolina.flores@gmail.com'),
('A078', 'federico.sandoval@live.com'),
('A079', 'alicia.ramirez@gmail.com'),
('A080', 'lucas.sierra@yahoo.com'),
('A081', 'monica.delrio@uol.com'),
('A082', 'andres.diaz@mail.ru'),
('A083', 'valeria.cabrera@gmail.com'),
('A084', 'sebastian.zambrano@yahoo.com'),
('A085', 'pamela.lozano@gmail.com'),
('A086', 'matias.zavala@outlook.com'),
('A087', 'adriana.cortez@gmail.com'),
('A088', 'rodrigo.castro@yahoo.com'),
('A089', 'florencia.peña@gmail.com'),
('A090', 'ramiro.flores@uol.com'),
('A091', 'belen.torres@orange.fr'),
('A092', 'mauricio.andrade@gmail.com'),
('A093', 'marcela.romero@yahoo.com'),
('A094', 'elias.fernandez@outlook.com'),
('A095', 'macarena.valdes@gmail.com'),
('A096', 'jose.carrasco@yahoo.com'),
('A097', 'tomas.reyes@gmail.com'),
('A098', 'emiliano.correa@orange.fr'),
('A099', 'sofía.saez@gmail.com'),
('A100', 'francisco.martinez@gmail.com');

INSERT INTO Evento (idevento, idagenda, precio, fase, preciofinal, localidad) VALUES
('EV001', 'A001', 100, 1, 120, 'Estadio Nacional'),
('EV002', 'A002', 150, 2, 180, 'Piscina Olímpica'),
('EV003', 'A003', 90, 1, 110, 'Gimnasio Central'),
('EV004', 'A004', 200, 3, 240, 'Cancha Principal'),
('EV005', 'A005', 180, 2, 210, 'Arena Ciudad'),
('EV006', 'A006', 70, 1, 85, 'Pista de Ciclismo'),
('EV007', 'A007', 50, 1, 65, 'Río Olímpico'),
('EV008', 'A008', 130, 2, 160, 'Estadio Arena'),
('EV009', 'A009', 95, 1, 110, 'Dojo Olímpico'),
('EV010', 'A010', 75, 1, 90, 'Ring Central'),
('EV011', 'A011', 120, 2, 145, 'Pista de Esgrima'),
('EV012', 'A012', 60, 1, 75, 'Gimnasio de Pesas'),
('EV013', 'A013', 110, 2, 135, 'Campo de Hockey'),
('EV014', 'A014', 140, 3, 175, 'Estadio Rugby'),
('EV015', 'A015', 200, 4, 250, 'Club de Golf'),
('EV016', 'A016', 80, 1, 95, 'Arena Coreana'),
('EV017', 'A017', 60, 1, 75, 'Campo de Arqueros'),
('EV018', 'A018', 100, 2, 125, 'Montaña Olímpica'),
('EV019', 'A019', 140, 3, 175, 'Playa Olímpica'),
('EV020', 'A020', 85, 1, 100, 'Dojo Central'),
('EV021', 'A021', 180, 4, 230, 'Parque Olímpico'),
('EV022', 'A022', 130, 2, 155, 'Pista de Patinaje'),
('EV023', 'A023', 110, 2, 135, 'Pista de Snowboard'),
('EV024', 'A024', 150, 3, 185, 'Montaña Alpina'),
('EV025', 'A025', 80, 1, 95, 'Pista de Biatlón'),
('EV026', 'A026', 70, 1, 85, 'Centro de Curling'),
('EV027', 'A027', 140, 2, 165, 'Hockey Arena'),
('EV028', 'A028', 90, 1, 110, 'Estadio Lucha'),
('EV029', 'A029', 180, 3, 225, 'Pentatlón Arena'),
('EV030', 'A030', 150, 3, 190, 'Club de Equitación'),
('EV031', 'A031', 100, 2, 125, 'Estadio de Balonmano'),
('EV032', 'A032', 80, 1, 95, 'Pista de Fondo'),
('EV033', 'A033', 120, 2, 145, 'Pista de Acrobacias'),
('EV034', 'A034', 90, 1, 110, 'Pista Bobsleigh'),
('EV035', 'A035', 200, 4, 250, 'Circuito Vela'),
('EV036', 'A036', 70, 1, 85, 'Lago Olímpico'),
('EV037', 'A037', 100, 2, 125, 'Campo de Tiro'),
('EV038', 'A038', 80, 1, 95, 'Pista Montañosa'),
('EV039', 'A039', 60, 1, 75, 'Skate Arena'),
('EV040', 'A040', 120, 2, 145, 'Coliseo Bádminton'),
('EV041', 'A041', 90, 1, 110, 'Piscina Central'),
('EV042', 'A042', 80, 1, 95, 'Gimnasio Lev Pesas'),
('EV043', 'A043', 140, 2, 170, 'Pista Velocidad'),
('EV044', 'A044', 100, 2, 125, 'Arena Gimnasia'),
('EV045', 'A045', 130, 2, 155, 'Cancha Tenis'),
('EV046', 'A046', 180, 3, 220, 'Estadio Rugby'),
('EV047', 'A047', 50, 1, 65, 'Pista Maratón'),
('EV048', 'A048', 70, 1, 85, 'Pista Carrera');

INSERT INTO Evento (idevento, idagenda, precio, fase, preciofinal, localidad) VALUES
('EV049', 'A049', 90, 1, 110, 'Estadio Nacional'),
('EV050', 'A050', 200, 3, 240, 'Piscina Olímpica'),
('EV051', 'A051', 150, 2, 180, 'Gimnasio Central'),
('EV052', 'A052', 120, 2, 145, 'Cancha Principal'),
('EV053', 'A053', 140, 3, 175, 'Arena Ciudad'),
('EV054', 'A054', 80, 1, 100, 'Pista de Ciclismo'),
('EV055', 'A055', 60, 1, 75, 'Río Olímpico'),
('EV056', 'A056', 100, 2, 125, 'Estadio Arena'),
('EV057', 'A057', 70, 1, 85, 'Dojo Olímpico'),
('EV058', 'A058', 130, 2, 160, 'Ring Central'),
('EV059', 'A059', 90, 1, 110, 'Pista de Esgrima'),
('EV060', 'A060', 200, 4, 250, 'Gimnasio de Pesas'),
('EV061', 'A061', 80, 1, 100, 'Campo de Hockey'),
('EV062', 'A062', 120, 2, 145, 'Estadio Rugby'),
('EV063', 'A063', 100, 2, 125, 'Club de Golf'),
('EV064', 'A064', 150, 3, 185, 'Arena Coreana'),
('EV065', 'A065', 90, 1, 110, 'Campo de Arqueros'),
('EV066', 'A066', 130, 2, 155, 'Montaña Olímpica'),
('EV067', 'A067', 80, 1, 95, 'Playa Olímpica'),
('EV068', 'A068', 200, 4, 250, 'Dojo Central'),
('EV069', 'A069', 180, 3, 220, 'Parque Olímpico'),
('EV070', 'A070', 60, 1, 75, 'Pista de Patinaje'),
('EV071', 'A071', 70, 1, 85, 'Pista de Snowboard'),
('EV072', 'A072', 120, 2, 145, 'Montaña Alpina'),
('EV073', 'A073', 100, 2, 125, 'Pista de Biatlón'),
('EV074', 'A074', 140, 3, 175, 'Centro de Curling'),
('EV075', 'A075', 80, 1, 95, 'Hockey Arena'),
('EV076', 'A076', 60, 1, 75, 'Estadio Lucha'),
('EV077', 'A077', 100, 2, 125, 'Pentatlón Arena'),
('EV078', 'A078', 130, 2, 155, 'Club de Equitación'),
('EV079', 'A079', 150, 3, 185, 'Estadio de Balonmano'),
('EV080', 'A080', 70, 1, 85, 'Pista de Fondo'),
('EV081', 'A081', 90, 1, 110, 'Pista de Acrobacias'),
('EV082', 'A082', 200, 4, 250, 'Pista Bobsleigh'),
('EV083', 'A083', 140, 3, 175, 'Circuito Vela'),
('EV084', 'A084', 100, 2, 125, 'Lago Olímpico'),
('EV085', 'A085', 80, 1, 95, 'Campo de Tiro'),
('EV086', 'A086', 70, 1, 85, 'Pista Montañosa'),
('EV087', 'A087', 200, 4, 250, 'Skate Arena'),
('EV088', 'A088', 130, 2, 155, 'Coliseo Bádminton'),
('EV089', 'A089', 60, 1, 75, 'Piscina Central'),
('EV090', 'A090', 150, 3, 185, 'Gimnasio Lev Pesas'),
('EV091', 'A091', 90, 1, 110, 'Pista Velocidad'),
('EV092', 'A092', 120, 2, 145, 'Arena Gimnasia'),
('EV093', 'A093', 140, 3, 175, 'Cancha Tenis'),
('EV094', 'A094', 60, 1, 75, 'Estadio Rugby'),
('EV095', 'A095', 180, 3, 220, 'Pista Maratón'),
('EV096', 'A096', 80, 1, 95, 'Pista Carrera'),
('EV097', 'A097', 70, 1, 85, 'Estadio Nacional'),
('EV098', 'A098', 200, 4, 250, 'Piscina Olímpica'),
('EV099', 'A099', 90, 1, 110, 'Gimnasio Central'),
('EV100', 'A100', 100, 2, 125, 'Cancha Principal');

INSERT INTO Entrenador (identrenador, nombre, apellidop, apellidom, nacionalidad, fechadenacimiento, nombredisciplina, idevento) VALUES
('E001', 'John', 'Smith', 'Doe', 'Estados Unidos', '1985-06-15', 'Atletismo', 'EV001'),
('E002', 'Emma', 'Taylor', 'Brown', 'Australia', '1990-04-22', 'Natación', 'EV002'),
('E003', 'Ivan', 'Petrov', 'Ivanov', 'Rusia', '1987-11-10', 'Gimnasia', 'EV003'),
('E004', 'Carlos', 'Silva', 'Costa', 'Brasil', '1982-02-14', 'Fútbol', 'EV004'),
('E005', 'Sofia', 'González', 'López', 'España', '1989-05-19', 'Baloncesto', 'EV005'),
('E006', 'Pierre', 'Dubois', 'Martin', 'Francia', '1980-03-25', 'Ciclismo', 'EV006'),
('E007', 'William', 'Jones', 'Brown', 'Reino Unido', '1978-10-30', 'Remo', 'EV007'),
('E008', 'Giulia', 'Rossi', 'Bianchi', 'Italia', '1993-08-05', 'Voleibol', 'EV008'),
('E009', 'Hiroshi', 'Tanaka', 'Yamamoto', 'Japón', '1977-12-12', 'Judo', 'EV009'),
('E010', 'Alejandro', 'Pérez', 'García', 'Cuba', '1983-04-21', 'Boxeo', 'EV010'),
('E011', 'Sophie', 'Schmidt', 'Müller', 'Alemania', '1988-07-16', 'Esgrima', 'EV011'),
('E012', 'Li', 'Wei', 'Zhang', 'China', '1990-09-18', 'Halterofilia', 'EV012'),
('E013', 'Emma', 'Van den Berg', 'De Vries', 'Países Bajos', '1986-03-11', 'Hockey sobre césped', 'EV013'),
('E014', 'Jack', 'Williams', 'Taylor', 'Nueva Zelanda', '1979-05-22', 'Rugby', 'EV014'),
('E015', 'Yuna', 'Kim', 'Choi', 'Corea del Sur', '1981-01-09', 'Golf', 'EV015'),
('E016', 'Raj', 'Kumar', 'Singh', 'India', '1984-08-15', 'Tiro con arco', 'EV017'),
('E017', 'Sophia', 'Brown', 'Taylor', 'Australia', '1988-02-02', 'Surf', 'EV019'),
('E018', 'Takashi', 'Nakamura', 'Ito', 'Japón', '1986-06-20', 'Karate', 'EV020'),
('E019', 'Olivia', 'Johnson', 'Miller', 'Canadá', '1991-10-05', 'Triatlón', 'EV021'),
('E020', 'Ekaterina', 'Morozova', 'Popova', 'Rusia', '1994-04-25', 'Patinaje artístico', 'EV022'),
('E021', 'David', 'Hill', 'Morgan', 'Estados Unidos', '1992-12-01', 'Snowboard', 'EV023'),
('E022', 'Anna', 'Schneider', 'Wolf', 'Austria', '1983-11-15', 'Esquí alpino', 'EV024'),
('E023', 'Lars', 'Hansen', 'Olsen', 'Noruega', '1979-07-09', 'Biatlón', 'EV025'),
('E024', 'Elin', 'Johansson', 'Andersson', 'Suecia', '1985-10-14', 'Curling', 'EV026'),
('E025', 'Ethan', 'White', 'Campbell', 'Canadá', '1980-03-18', 'Hockey sobre hielo', 'EV027'),
('E026', 'Arman', 'Nazarbayev', 'Tulepov', 'Kazajistán', '1982-06-04', 'Lucha', 'EV028'),
('E027', 'Noemi', 'Nagy', 'Toth', 'Hungría', '1993-01-11', 'Pentatlón moderno', 'EV029'),
('E028', 'Clara', 'Svensson', 'Lindqvist', 'Suecia', '1989-09-07', 'Equitación', 'EV030'),
('E029', 'Mads', 'Christensen', 'Larsen', 'Dinamarca', '1991-02-19', 'Balonmano', 'EV031'),
('E030', 'Aino', 'Virtanen', 'Lehtinen', 'Finlandia', '1986-11-03', 'Esquí de fondo', 'EV032'),
('E031', 'Pierre', 'Lemoine', 'Durand', 'Francia', '1984-05-20', 'Esquí acrobático', 'EV033'),
('E032', 'Sofia', 'Meier', 'Huber', 'Suiza', '1987-07-29', 'Bobsleigh', 'EV034'),
('E033', 'James', 'Taylor', 'Evans', 'Reino Unido', '1982-04-18', 'Vela', 'EV035'),
('E034', 'Matej', 'Novak', 'Horvat', 'Eslovaquia', '1990-09-13', 'Canotaje', 'EV036'),
('E035', 'Jessica', 'Walker', 'Nelson', 'Estados Unidos', '1993-12-25', 'Tiro', 'EV037'),
('E036', 'Marie', 'Bernard', 'Richard', 'Francia', '1989-01-14', 'Ciclismo de montaña', 'EV038'),
('E037', 'Michael', 'Roberts', 'Carter', 'Estados Unidos', '1988-06-11', 'Skateboarding', 'EV039'),
('E038', 'Li', 'Huang', 'Chen', 'China', '1986-12-07', 'Bádminton', 'EV040'),
('E039', 'Nikola', 'Jovanovic', 'Petrovic', 'Serbia', '1984-03-22', 'Waterpolo', 'EV041'),
('E040', 'Thomas', 'Clark', 'Hughes', 'Reino Unido', '1992-08-28', 'Ciclismo en pista', 'EV043'),
('E041', 'Alyssa', 'Davis', 'Reed', 'Estados Unidos', '1994-02-15', 'Surf', 'EV044'),
('E042', 'Taro', 'Yoshida', 'Inoue', 'Japón', '1987-10-12', 'Tiro', 'EV045'),
('E043', 'Ethan', 'Johnson', 'Stewart', 'Australia', '1991-05-30', 'Rugby', 'EV046'),
('E044', 'Sophia', 'Lee', 'Kim', 'Corea del Sur', '1995-09-18', 'Taekwondo', 'EV047'),
('E045', 'Lucas', 'Fernández', 'Martínez', 'Argentina', '1990-07-04', 'Voleibol', 'EV048');
INSERT INTO Entrenador (identrenador, nombre, apellidop, apellidom, nacionalidad, fechadenacimiento, nombredisciplina, idevento) VALUES
('E046', 'Clara', 'Anderson', 'Taylor', 'Suecia', '1985-03-11', 'Hockey sobre césped', 'EV049'),
('E047', 'Miguel', 'Vega', 'Hernández', 'México', '1990-06-08', 'Atletismo', 'EV050'),
('E048', 'Isabella', 'García', 'Lopez', 'España', '1987-11-22', 'Baloncesto', 'EV051'),
('E049', 'Ricardo', 'Pérez', 'Gomez', 'Chile', '1982-09-15', 'Rugby', 'EV052'),
('E050', 'Emma', 'Navarro', 'Torres', 'Canadá', '1993-05-19', 'Tiro con arco', 'EV053'),
('E051', 'Lucas', 'Müller', 'Schmidt', 'Alemania', '1986-07-01', 'Esgrima', 'EV054'),
('E052', 'James', 'Evans', 'Taylor', 'Reino Unido', '1981-12-08', 'Vela', 'EV055'),
('E053', 'María', 'López', 'García', 'México', '1988-08-23', 'Natación', 'EV056'),
('E054', 'Anna', 'Ivanova', 'Petrova', 'Rusia', '1992-04-17', 'Gimnasia', 'EV057'),
('E055', 'Diego', 'Cruz', 'Ramírez', 'Argentina', '1984-03-04', 'Ciclismo de montaña', 'EV058'),
('E056', 'Sofia', 'Kovacs', 'Nagy', 'Hungría', '1985-06-12', 'Patinaje artístico', 'EV059'),
('E057', 'Gabriel', 'Fernández', 'Silva', 'Uruguay', '1989-09-05', 'Surf', 'EV060'),
('E058', 'Elena', 'Gomez', 'Martinez', 'España', '1987-02-20', 'Equitación', 'EV061'),
('E059', 'Raj', 'Mehta', 'Sharma', 'India', '1983-10-28', 'Karate', 'EV062'),
('E060', 'Takashi', 'Tanaka', 'Saito', 'Japón', '1991-05-14', 'Boxeo', 'EV063'),
('E061', 'Julieta', 'Moreno', 'Ortiz', 'México', '1994-11-13', 'Halterofilia', 'EV064'),
('E062', 'Nicolas', 'Durand', 'Lemoine', 'Francia', '1980-01-18', 'Ciclismo', 'EV065'),
('E063', 'Manuel', 'Ramirez', 'Cruz', 'Cuba', '1988-07-06', 'Tiro', 'EV066'),
('E064', 'Fernando', 'Gonzalez', 'Diaz', 'Argentina', '1982-09-10', 'Hockey sobre hielo', 'EV067'),
('E065', 'Patricia', 'Taylor', 'Evans', 'Australia', '1983-04-25', 'Snowboard', 'EV068'),
('E066', 'Oliver', 'Martinez', 'Guzman', 'Reino Unido', '1990-12-19', 'Voleibol', 'EV069'),
('E067', 'Clara', 'Hansen', 'Olsen', 'Noruega', '1986-03-21', 'Curling', 'EV070'),
('E068', 'Lucas', 'Kim', 'Lee', 'Corea del Sur', '1992-01-09', 'Golf', 'EV071'),
('E069', 'David', 'Schneider', 'Wolf', 'Austria', '1984-05-16', 'Esquí alpino', 'EV072'),
('E070', 'Ethan', 'Roberts', 'Carter', 'Estados Unidos', '1991-10-11', 'Skateboarding', 'EV073'),
('E071', 'Marie', 'Lemoine', 'Richard', 'Francia', '1989-02-07', 'Esquí acrobático', 'EV074'),
('E072', 'Mateo', 'Hernandez', 'Castro', 'Colombia', '1987-04-23', 'Atletismo', 'EV075'),
('E073', 'Pedro', 'Lopez', 'Fernandez', 'Chile', '1980-08-09', 'Bádminton', 'EV076'),
('E074', 'Laura', 'Johnson', 'Taylor', 'Canadá', '1992-03-19', 'Triatlón', 'EV077'),
('E075', 'Carlos', 'Ortiz', 'Navarro', 'México', '1995-09-02', 'Remo', 'EV078'),
('E076', 'Sophie', 'Walker', 'Nelson', 'Reino Unido', '1988-06-14', 'Pentatlón moderno', 'EV079'),
('E077', 'Alyssa', 'Brown', 'Miller', 'Estados Unidos', '1984-07-20', 'Tiro con arco', 'EV080'),
('E078', 'Emma', 'Taylor', 'Brown', 'Australia', '1990-08-11', 'Patinaje artístico', 'EV081'),
('E079', 'Hiroshi', 'Yamamoto', 'Tanaka', 'Japón', '1982-03-27', 'Esgrima', 'EV082'),
('E080', 'Giovanni', 'Rossi', 'Bianchi', 'Italia', '1985-10-31', 'Hockey sobre césped', 'EV083'),
('E081', 'Lars', 'Anderson', 'Taylor', 'Suecia', '1986-09-19', 'Balonmano', 'EV084'),
('E082', 'Nina', 'Petrova', 'Ivanova', 'Rusia', '1993-01-07', 'Gimnasia', 'EV085'),
('E083', 'Isabella', 'Garcia', 'Moreno', 'España', '1987-05-04', 'Vela', 'EV086'),
('E084', 'Raj', 'Kumar', 'Mehta', 'India', '1984-06-17', 'Taekwondo', 'EV087'),
('E085', 'William', 'Jones', 'Brown', 'Reino Unido', '1990-02-13', 'Ciclismo en pista', 'EV088'),
('E086', 'Hannah', 'Lee', 'Kim', 'Corea del Sur', '1995-07-23', 'Golf', 'EV089'),
('E087', 'Gabriel', 'Hernandez', 'Castro', 'Argentina', '1992-12-15', 'Rugby', 'EV090'),
('E088', 'Elena', 'Morales', 'Cruz', 'México', '1989-10-20', 'Lucha', 'EV091'),
('E089', 'Paul', 'Evans', 'Taylor', 'Australia', '1987-06-03', 'Tiro', 'EV092'),
('E090', 'Sofia', 'Torres', 'Navarro', 'Colombia', '1990-11-09', 'Equitación', 'EV093'),
('E091', 'Julio', 'Soto', 'Gomez', 'España', '1988-04-12', 'Ciclismo', 'EV094'),
('E092', 'Ana', 'Ramirez', 'Ortiz', 'México', '1982-12-28', 'Karate', 'EV095'),
('E093', 'Fernando', 'Lopez', 'Diaz', 'Argentina', '1983-03-18', 'Esgrima', 'EV096'),
('E094', 'Emma', 'Johnson', 'Taylor', 'Canadá', '1994-09-07', 'Natación', 'EV097'),
('E095', 'David', 'Walker', 'Brown', 'Reino Unido', '1981-11-15', 'Remo', 'EV098'),
('E096', 'Clara', 'Hernandez', 'Garcia', 'Chile', '1985-01-20', 'Halterofilia', 'EV099'),
('E097', 'Li', 'Wei', 'Chen', 'China', '1989-02-08', 'Patinaje artístico', 'EV100');

INSERT INTO CorreoEntrenador (idEntrenador, correo) VALUES
('E001', 'juan.lopez@gmail.com'),
('E002', 'ana.garcia@yahoo.com'),
('E003', 'carlos.martinez@outlook.com'),
('E004', 'laura.fernandez@live.com'),
('E005', 'jose.rodriguez@gmail.com'),
('E006', 'maria.gomez@yahoo.com'),
('E007', 'daniel.ramirez@uol.com'),
('E008', 'sofia.torres@orange.fr'),
('E009', 'david.hernandez@gmail.com'),
('E010', 'paula.silva@yahoo.com'),
('E011', 'jorge.morales@live.com'),
('E012', 'valeria.sanchez@outlook.com'),
('E013', 'pedro.gonzalez@orange.fr'),
('E014', 'lucia.romero@gmail.com'),
('E015', 'carmen.ortiz@yahoo.com'),
('E016', 'miguel.vargas@live.com'),
('E017', 'carolina.mendoza@gmail.com'),
('E018', 'andres.delacruz@yahoo.com'),
('E019', 'elena.ruiz@outlook.com'),
('E020', 'ricardo.navarro@gmail.com'),
('E021', 'isabel.castillo@orange.fr'),
('E022', 'luis.mejia@gmail.com'),
('E023', 'martina.tapia@yahoo.com'),
('E024', 'adrian.lopez@live.com'),
('E025', 'sandra.rojas@gmail.com'),
('E026', 'felipe.vera@yahoo.com'),
('E027', 'camila.ayala@orange.fr'),
('E028', 'roberto.molina@gmail.com'),
('E029', 'patricia.cruz@yahoo.com'),
('E030', 'manuel.espinoza@outlook.com'),
('E031', 'natalia.salinas@gmail.com'),
('E032', 'hector.quintero@yahoo.com'),
('E033', 'alejandra.barrera@orange.fr'),
('E034', 'javier.guerra@gmail.com'),
('E035', 'daniela.fuEes@yahoo.com'),
('E036', 'oscar.ponce@live.com'),
('E037', 'monica.rivera@gmail.com'),
('E038', 'emilio.chavez@yahoo.com'),
('E039', 'teresa.vazquez@outlook.com'),
('E040', 'gustavo.martin@gmail.com'),
('E041', 'mariana.moreno@yahoo.com'),
('E042', 'angelica.gutierrez@live.com'),
('E043', 'ramon.perez@gmail.com'),
('E044', 'jessica.soto@yahoo.com'),
('E045', 'fernando.carrillo@orange.fr');
INSERT INTO CorreoEntrenador (idEntrenador, correo) VALUES
('E046', 'victor.lozano@gmail.com'),
('E047', 'alicia.cortes@yahoo.com'),
('E048', 'mario.avila@outlook.com'),
('E049', 'julieta.nieto@live.com'),
('E050', 'arturo.salas@gmail.com'),
('E051', 'beatriz.martinez@yahoo.com'),
('E052', 'francisco.arias@uol.com'),
('E053', 'rosa.palacios@orange.fr'),
('E054', 'ignacio.sierra@gmail.com'),
('E055', 'gabriela.romero@yahoo.com'),
('E056', 'raul.dominguez@live.com'),
('E057', 'sofia.camacho@outlook.com'),
('E058', 'julio.gallegos@orange.fr'),
('E059', 'margarita.suarez@gmail.com'),
('E060', 'roberto.mendez@yahoo.com'),
('E061', 'laura.uribe@live.com'),
('E062', 'carlos.murillo@gmail.com'),
('E063', 'andrea.corona@yahoo.com'),
('E064', 'alejandro.guzman@outlook.com'),
('E065', 'lucia.escalante@orange.fr'),
('E066', 'marco.rodriguez@gmail.com'),
('E067', 'elena.fernandez@yahoo.com'),
('E068', 'fernanda.molina@live.com'),
('E069', 'jorge.santos@gmail.com'),
('E070', 'paulina.lopez@yahoo.com'),
('E071', 'eduardo.villalobos@outlook.com'),
('E072', 'maria.arias@orange.fr'),
('E073', 'jesus.cano@gmail.com'),
('E074', 'clara.tovar@yahoo.com'),
('E075', 'nicolas.bustamante@live.com'),
('E076', 'emma.leon@gmail.com'),
('E077', 'manuel.reyes@yahoo.com'),
('E078', 'valeria.mendoza@outlook.com'),
('E079', 'pedro.salgado@orange.fr'),
('E080', 'claudia.carranza@gmail.com'),
('E081', 'angel.lopez@yahoo.com'),
('E082', 'karla.hernandez@live.com'),
('E083', 'hector.pacheco@gmail.com'),
('E084', 'ines.campos@yahoo.com'),
('E085', 'adrian.romero@outlook.com'),
('E086', 'julieta.fuentes@orange.fr'),
('E087', 'guillermo.vega@gmail.com'),
('E088', 'monica.torres@yahoo.com'),
('E089', 'sergio.salazar@live.com'),
('E090', 'raquel.rios@gmail.com'),
('E091', 'ismael.moreno@yahoo.com'),
('E092', 'marcela.luna@outlook.com'),
('E093', 'renato.ortega@orange.fr'),
('E094', 'veronica.munoz@gmail.com'),
('E095', 'carmen.nava@yahoo.com'),
('E096', 'alan.flores@live.com'),
('E097', 'camila.estrada@gmail.com');

INSERT INTO Juez (idjuez, nombre, apellidop, apellidom, nacionalidad, fechadenacimiento, idevento) VALUES
('J001', 'Carlos', 'Gómez', 'Fernández', 'España', '1980-04-15', 'EV001'),
('J002', 'Emily', 'Johnson', 'Brown', 'Estados Unidos', '1985-07-22', 'EV002'),
('J003', 'Ivan', 'Petrov', 'Ivanov', 'Rusia', '1982-09-10', 'EV003'),
('J004', 'Laura', 'Martínez', 'Lopez', 'México', '1988-12-01', 'EV004'),
('J005', 'William', 'Taylor', 'Smith', 'Reino Unido', '1979-03-15', 'EV005'),
('J006', 'Marie', 'Dubois', 'Bernard', 'Francia', '1984-06-18', 'EV006'),
('J007', 'Giovanni', 'Rossi', 'Bianchi', 'Italia', '1986-10-09', 'EV007'),
('J008', 'Sophie', 'Schmidt', 'Müller', 'Alemania', '1983-11-25', 'EV008'),
('J009', 'Hiroshi', 'Tanaka', 'Yamamoto', 'Japón', '1987-05-04', 'EV009'),
('J010', 'Lucas', 'Silva', 'Costa', 'Brasil', '1990-01-12', 'EV010'),
('J011', 'Raj', 'Kumar', 'Singh', 'India', '1978-08-19', 'EV011'),
('J012', 'Clara', 'Svensson', 'Lindqvist', 'Suecia', '1981-02-14', 'EV012'),
('J013', 'James', 'Evans', 'Taylor', 'Australia', '1985-09-08', 'EV013'),
('J014', 'Yuna', 'Kim', 'Choi', 'Corea del Sur', '1989-11-22', 'EV014'),
('J015', 'Alyssa', 'Reed', 'Walker', 'Canadá', '1992-03-10', 'EV015'),
('J016', 'Elena', 'Morozova', 'Popova', 'Rusia', '1980-07-17', 'EV016'),
('J017', 'David', 'Hill', 'Morgan', 'Estados Unidos', '1977-01-30', 'EV017'),
('J018', 'Li', 'Wei', 'Zhang', 'China', '1984-04-23', 'EV018'),
('J019', 'Emma', 'Van den Berg', 'De Vries', 'Países Bajos', '1991-06-15', 'EV019'),
('J020', 'Ethan', 'White', 'Campbell', 'Canadá', '1988-12-05', 'EV020'),
('J021', 'Nikola', 'Jovanovic', 'Petrovic', 'Serbia', '1979-05-19', 'EV021'),
('J022', 'Anna', 'Schneider', 'Wolf', 'Austria', '1983-10-27', 'EV022'),
('J023', 'Lars', 'Hansen', 'Olsen', 'Noruega', '1982-02-18', 'EV023'),
('J024', 'Jessica', 'Walker', 'Nelson', 'Estados Unidos', '1990-11-09', 'EV024'),
('J025', 'Thomas', 'Clark', 'Hughes', 'Reino Unido', '1993-08-25', 'EV025'),
('J026', 'Claire', 'Durand', 'Meier', 'Suiza', '1985-09-05', 'EV026'),
('J027', 'Sophia', 'Lee', 'Kim', 'Corea del Sur', '1989-06-14', 'EV027'),
('J028', 'Mads', 'Christensen', 'Larsen', 'Dinamarca', '1978-03-18', 'EV028'),
('J029', 'Lucas', 'Martínez', 'García', 'Argentina', '1987-12-28', 'EV029'),
('J030', 'Daniel', 'Cruz', 'Alonso', 'México', '1986-04-11', 'EV030'),
('J031', 'Takashi', 'Nakamura', 'Ito', 'Japón', '1991-01-17', 'EV031'),
('J032', 'Amanda', 'Fisher', 'Scott', 'Canadá', '1982-05-25', 'EV032'),
('J033', 'Pierre', 'Lemoine', 'Durand', 'Francia', '1994-03-16', 'EV033'),
('J034', 'Matej', 'Novak', 'Horvat', 'Eslovaquia', '1989-08-04', 'EV034'),
('J035', 'Clara', 'Anderson', 'Taylor', 'Suecia', '1987-07-14', 'EV035'),
('J036', 'Marie', 'Bernard', 'Richard', 'Francia', '1980-02-22', 'EV036'),
('J037', 'Michael', 'Roberts', 'Carter', 'Estados Unidos', '1993-06-03', 'EV037'),
('J038', 'Li', 'Huang', 'Chen', 'China', '1986-12-15', 'EV038'),
('J039', 'Ethan', 'Johnson', 'Stewart', 'Australia', '1988-01-08', 'EV039'),
('J040', 'Jessica', 'Taylor', 'Miller', 'Reino Unido', '1984-09-25', 'EV040'),
('J041', 'Emma', 'González', 'Díaz', 'España', '1982-10-19', 'EV041'),
('J042', 'Lucas', 'Brown', 'White', 'Estados Unidos', '1986-04-10', 'EV042'),
('J043', 'Takashi', 'Tanaka', 'Ito', 'Japón', '1991-08-29', 'EV043'),
('J044', 'Sophia', 'Taylor', 'Evans', 'Australia', '1990-02-14', 'EV044'),
('J045', 'Raj', 'Khan', 'Singh', 'India', '1983-03-25', 'EV045'),
('J046', 'Alejandro', 'Fernández', 'Pérez', 'Cuba', '1988-05-07', 'EV046'),
('J047', 'Yuna', 'Choi', 'Lee', 'Corea del Sur', '1985-07-19', 'EV047'),
('J048', 'Claire', 'Dubois', 'Martin', 'Francia', '1990-11-11', 'EV048');
INSERT INTO Juez (idjuez, nombre, apellidop, apellidom, nacionalidad, fechadenacimiento, idevento) VALUES
('J049', 'Daniel', 'Martínez', 'López', 'México', '1987-09-23', 'EV049'),
('J050', 'Marie', 'Durand', 'Lemoine', 'Francia', '1992-03-14', 'EV050'),
('J051', 'Luis', 'González', 'Ramírez', 'Colombia', '1980-06-12', 'EV051'),
('J052', 'Clara', 'Moreno', 'Vargas', 'Chile', '1985-02-21', 'EV052'),
('J053', 'Javier', 'Fernández', 'Soto', 'Perú', '1990-11-17', 'EV053'),
('J054', 'Marta', 'Salinas', 'Torres', 'España', '1988-03-19', 'EV054'),
('J055', 'Ricardo', 'López', 'Hernández', 'México', '1982-07-15', 'EV055'),
('J056', 'Sofia', 'Martínez', 'Cruz', 'Argentina', '1983-12-24', 'EV056'),
('J057', 'Fernando', 'Ramírez', 'Gómez', 'Uruguay', '1981-05-10', 'EV057'),
('J058', 'Natalia', 'Rojas', 'Pérez', 'Venezuela', '1986-09-30', 'EV058'),
('J059', 'Carlos', 'Castillo', 'Álvarez', 'Cuba', '1979-08-11', 'EV059'),
('J060', 'Ana', 'Morales', 'Jiménez', 'Costa Rica', '1993-01-15', 'EV060'),
('J061', 'David', 'Gutiérrez', 'Navarro', 'España', '1987-02-13', 'EV061'),
('J062', 'Elena', 'Rodríguez', 'Torres', 'México', '1991-04-27', 'EV062'),
('J063', 'Isabel', 'Pérez', 'Fernández', 'Chile', '1984-06-23', 'EV063'),
('J064', 'Juan', 'Vargas', 'Salazar', 'Colombia', '1985-07-19', 'EV064'),
('J065', 'Monica', 'Soto', 'Hernández', 'Perú', '1990-09-28', 'EV065'),
('J066', 'Lucia', 'Jiménez', 'Castro', 'Venezuela', '1983-08-14', 'EV066'),
('J067', 'Raúl', 'Álvarez', 'Mendoza', 'Cuba', '1980-12-02', 'EV067'),
('J068', 'Patricia', 'Navarro', 'Gómez', 'Costa Rica', '1994-03-22', 'EV068'),
('J069', 'Hugo', 'Salazar', 'Rojas', 'México', '1989-10-05', 'EV069'),
('J070', 'Carmen', 'Álvarez', 'Castillo', 'Argentina', '1987-06-17', 'EV070'),
('J071', 'Roberto', 'Pérez', 'Moreno', 'Uruguay', '1982-01-29', 'EV071'),
('J072', 'Laura', 'Cruz', 'Rodríguez', 'Venezuela', '1993-05-25', 'EV072'),
('J073', 'Andrés', 'Torres', 'Jiménez', 'España', '1986-11-16', 'EV073'),
('J074', 'Felipe', 'Hernández', 'Gutiérrez', 'México', '1988-07-22', 'EV074'),
('J075', 'Marcela', 'Navarro', 'Pérez', 'Chile', '1985-02-14', 'EV075'),
('J076', 'Jorge', 'Salazar', 'Castro', 'Colombia', '1992-08-12', 'EV076'),
('J077', 'Claudia', 'Mendoza', 'Álvarez', 'Perú', '1990-03-10', 'EV077'),
('J078', 'Daniela', 'Pérez', 'Rodríguez', 'Venezuela', '1981-12-07', 'EV078'),
('J079', 'Mario', 'Castillo', 'Gómez', 'Cuba', '1984-04-04', 'EV079'),
('J080', 'Gabriela', 'Vargas', 'Fernández', 'Costa Rica', '1990-10-09', 'EV080'),
('J081', 'Eduardo', 'Torres', 'Pérez', 'México', '1987-01-25', 'EV081'),
('J082', 'Adriana', 'Jiménez', 'Gutiérrez', 'Argentina', '1983-05-03', 'EV082'),
('J083', 'Miguel', 'Rodríguez', 'Salazar', 'Uruguay', '1981-06-29', 'EV083'),
('J084', 'Lucía', 'Morales', 'Castillo', 'Venezuela', '1985-11-14', 'EV084'),
('J085', 'Santiago', 'Gómez', 'Álvarez', 'España', '1989-08-27', 'EV085'),
('J086', 'Cristina', 'Navarro', 'Vargas', 'México', '1992-02-08', 'EV086'),
('J087', 'Diego', 'Pérez', 'Jiménez', 'Chile', '1990-12-18', 'EV087'),
('J088', 'Valeria', 'Salazar', 'Torres', 'Colombia', '1984-03-20', 'EV088'),
('J089', 'Fernando', 'Mendoza', 'Rodríguez', 'Perú', '1982-07-06', 'EV089'),
('J090', 'Marta', 'Gómez', 'Castillo', 'Venezuela', '1993-01-11', 'EV090'),
('J091', 'Ramón', 'Álvarez', 'Fernández', 'Cuba', '1987-09-02', 'EV091'),
('J092', 'Carolina', 'Vargas', 'Rodríguez', 'Costa Rica', '1988-10-26', 'EV092'),
('J093', 'Pablo', 'Torres', 'Jiménez', 'México', '1985-02-24', 'EV093'),
('J094', 'Beatriz', 'Gutiérrez', 'Salazar', 'Argentina', '1984-08-09', 'EV094'),
('J095', 'Ángel', 'Rodríguez', 'Navarro', 'Uruguay', '1990-04-06', 'EV095'),
('J096', 'Teresa', 'Castillo', 'Vargas', 'Venezuela', '1983-11-13', 'EV096'),
('J097', 'Francisco', 'Mendoza', 'Pérez', 'España', '1986-06-21', 'EV097'),
('J098', 'Alejandra', 'Salinas', 'Gómez', 'México', '1992-03-01', 'EV098'),
('J099', 'Ricardo', 'Álvarez', 'Rodríguez', 'Chile', '1989-07-04', 'EV099'),
('J100', 'Liliana', 'Pérez', 'Salazar', 'Colombia', '1984-05-18', 'EV100');

INSERT INTO correojuez (idJuez, correo) VALUES
('J001', 'maria.lopez@gmail.com'),
('J002', 'carlos.gomez@yahoo.com'),
('J003', 'ana.martinez@outlook.com'),
('J004', 'pedro.ramirez@live.com'),
('J005', 'sofia.fernandez@uol.com'),
('J006', 'jose.hernandez@gmail.com'),
('J007', 'laura.torres@yahoo.com'),
('J008', 'ricardo.sanchez@orange.fr'),
('J009', 'valeria.morales@outlook.com'),
('J010', 'andres.cruz@gmail.com'),
('J011', 'carolina.ruiz@yahoo.com'),
('J012', 'daniel.vargas@live.com'),
('J013', 'lucia.romero@uol.com'),
('J014', 'miguel.delacruz@gmail.com'),
('J015', 'camila.navarro@yahoo.com'),
('J016', 'hector.castillo@orange.fr'),
('J017', 'patricia.silva@outlook.com'),
('J018', 'oscar.mejia@gmail.com'),
('J019', 'monica.salinas@yahoo.com'),
('J020', 'emilio.ayala@live.com'),
('J021', 'natalia.vera@uol.com'),
('J022', 'gustavo.guerra@gmail.com'),
('J023', 'elena.barrera@yahoo.com'),
('J024', 'ramon.espinoza@orange.fr'),
('J025', 'jessica.tapia@outlook.com'),
('J026', 'teresa.quintero@gmail.com'),
('J027', 'felipe.rojas@yahoo.com'),
('J028', 'sandra.fuentes@live.com'),
('J029', 'adrian.mendoza@uol.com'),
('J030', 'isabel.barrera@gmail.com'),
('J031', 'jorge.perez@yahoo.com'),
('J032', 'mariana.carrillo@orange.fr'),
('J033', 'angelica.rivera@outlook.com'),
('J034', 'rafael.gutierrez@gmail.com'),
('J035', 'sofia.lopez@yahoo.com'),
('J036', 'fernando.gonzalez@live.com'),
('J037', 'claudia.rodriguez@uol.com'),
('J038', 'hugo.martinez@gmail.com'),
('J039', 'daniela.gomez@yahoo.com'),
('J040', 'edgar.fernandez@orange.fr'),
('J041', 'paula.ruiz@outlook.com'),
('J042', 'carmen.delacruz@gmail.com'),
('J043', 'luis.salinas@yahoo.com'),
('J044', 'carolina.vera@live.com'),
('J045', 'javier.silva@uol.com'),
('J046', 'andrea.navarro@gmail.com'),
('J047', 'santiago.castillo@yahoo.com'),
('J048', 'pablo.tapia@orange.fr');
INSERT INTO correojuez (idJuez, correo) VALUES
('J049', 'maria.quintero@outlook.com'),
('J050', 'miguel.romero@gmail.com'),
('J051', 'natalia.morales@yahoo.com'),
('J052', 'pedro.vera@live.com'),
('J053', 'claudia.mejia@uol.com'),
('J054', 'ricardo.guerra@gmail.com'),
('J055', 'ana.barrera@yahoo.com'),
('J056', 'andres.espinoza@orange.fr'),
('J057', 'laura.lopez@outlook.com'),
('J058', 'rafael.carrillo@gmail.com'),
('J059', 'monica.rivera@yahoo.com'),
('J060', 'valeria.gutierrez@live.com'),
('J061', 'daniel.gonzalez@gmail.com'),
('J062', 'sofia.rodriguez@yahoo.com'),
('J063', 'emilio.martinez@orange.fr'),
('J064', 'jose.gomez@outlook.com'),
('J065', 'miguel.fernandez@gmail.com'),
('J066', 'claudia.ruiz@yahoo.com'),
('J067', 'hector.delacruz@live.com'),
('J068', 'patricia.salinas@uol.com'),
('J069', 'oscar.vera@gmail.com'),
('J070', 'jessica.silva@yahoo.com'),
('J071', 'gustavo.navarro@orange.fr'),
('J072', 'pablo.castillo@outlook.com'),
('J073', 'maria.tapia@gmail.com'),
('J074', 'natalia.quintero@yahoo.com'),
('J075', 'luis.morales@live.com'),
('J076', 'andrea.vera@uol.com'),
('J077', 'felipe.mejia@gmail.com'),
('J078', 'carolina.guerra@yahoo.com'),
('J079', 'daniela.barrera@orange.fr'),
('J080', 'edgar.espinoza@outlook.com'),
('J081', 'rafael.lopez@gmail.com'),
('J082', 'andres.carrillo@yahoo.com'),
('J083', 'valeria.rivera@live.com'),
('J084', 'claudia.gutierrez@uol.com'),
('J085', 'fernando.gonzalez@gmail.com'),
('J086', 'santiago.rodriguez@yahoo.com'),
('J087', 'sofia.martinez@orange.fr'),
('J088', 'miguel.gomez@outlook.com'),
('J089', 'daniel.fernandez@gmail.com'),
('J090', 'monica.ruiz@yahoo.com'),
('J091', 'natalia.delacruz@live.com'),
('J092', 'pedro.salinas@uol.com'),
('J093', 'laura.vera@gmail.com'),
('J094', 'oscar.silva@yahoo.com'),
('J095', 'andrea.navarro@orange.fr'),
('J096', 'felipe.castillo@outlook.com'),
('J097', 'miguel.tapia@gmail.com'),
('J098', 'carolina.quintero@yahoo.com'),
('J099', 'pablo.morales@live.com'),
('J100', 'daniela.vera@uol.com');

INSERT INTO Entrada (numeroentrada, idevento, cantidad, fecha) VALUES
(1, 'EV001', 150, '2024-01-15'),
(2, 'EV002', 200, '2024-01-16'),
(3, 'EV003', 120, '2024-01-17'),
(4, 'EV004', 180, '2024-01-18'),
(5, 'EV005', 220, '2024-01-19'),
(6, 'EV006', 140, '2024-01-20'),
(7, 'EV007', 160, '2024-01-21'),
(8, 'EV008', 250, '2024-01-22'),
(9, 'EV009', 190, '2024-01-23'),
(10, 'EV010', 300, '2024-01-24'),
(11, 'EV011', 130, '2024-01-25'),
(12, 'EV012', 170, '2024-01-26'),
(13, 'EV013', 210, '2024-01-27'),
(14, 'EV014', 100, '2024-01-28'),
(15, 'EV015', 310, '2024-01-29'),
(16, 'EV016', 140, '2024-01-30'),
(17, 'EV017', 230, '2024-01-31'),
(18, 'EV018', 180, '2024-02-01'),
(19, 'EV019', 260, '2024-02-02'),
(20, 'EV020', 220, '2024-02-03'),
(21, 'EV021', 150, '2024-02-04'),
(22, 'EV022', 170, '2024-02-05'),
(23, 'EV023', 200, '2024-02-06'),
(24, 'EV024', 300, '2024-02-07'),
(25, 'EV025', 100, '2024-02-08'),
(26, 'EV026', 150, '2024-02-09'),
(27, 'EV027', 250, '2024-02-10'),
(28, 'EV028', 270, '2024-02-11'),
(29, 'EV029', 180, '2024-02-12'),
(30, 'EV030', 190, '2024-02-13'),
(31, 'EV031', 300, '2024-02-14'),
(32, 'EV032', 240, '2024-02-15'),
(33, 'EV033', 220, '2024-02-16'),
(34, 'EV034', 120, '2024-02-17'),
(35, 'EV035', 130, '2024-02-18'),
(36, 'EV036', 200, '2024-02-19'),
(37, 'EV037', 310, '2024-02-20'),
(38, 'EV038', 140, '2024-02-21'),
(39, 'EV039', 170, '2024-02-22'),
(40, 'EV040', 260, '2024-02-23'),
(41, 'EV041', 280, '2024-02-24'),
(42, 'EV042', 200, '2024-02-25'),
(43, 'EV043', 180, '2024-02-26'),
(44, 'EV044', 240, '2024-02-27'),
(45, 'EV045', 150, '2024-02-28'),
(46, 'EV046', 170, '2024-02-29'),
(47, 'EV047', 130, '2024-03-01'),
(48, 'EV048', 100, '2024-03-02');
INSERT INTO Entrada (numeroentrada, idevento, cantidad, fecha) VALUES
(49, 'EV049', 150, '2024-03-03'),
(50, 'EV050', 190, '2024-03-04'),
(51, 'EV051', 220, '2024-03-05'),
(52, 'EV052', 180, '2024-03-06'),
(53, 'EV053', 140, '2024-03-07'),
(54, 'EV054', 170, '2024-03-08'),
(55, 'EV055', 200, '2024-03-09'),
(56, 'EV056', 250, '2024-03-10'),
(57, 'EV057', 300, '2024-03-11'),
(58, 'EV058', 270, '2024-03-12'),
(59, 'EV059', 230, '2024-03-13'),
(60, 'EV060', 150, '2024-03-14'),
(61, 'EV061', 190, '2024-03-15'),
(62, 'EV062', 240, '2024-03-16'),
(63, 'EV063', 310, '2024-03-17'),
(64, 'EV064', 280, '2024-03-18'),
(65, 'EV065', 200, '2024-03-19'),
(66, 'EV066', 170, '2024-03-20'),
(67, 'EV067', 100, '2024-03-21'),
(68, 'EV068', 180, '2024-03-22'),
(69, 'EV069', 260, '2024-03-23'),
(70, 'EV070', 230, '2024-03-24'),
(71, 'EV071', 200, '2024-03-25'),
(72, 'EV072', 150, '2024-03-26'),
(73, 'EV073', 180, '2024-03-27'),
(74, 'EV074', 220, '2024-03-28'),
(75, 'EV075', 140, '2024-03-29'),
(76, 'EV076', 190, '2024-03-30'),
(77, 'EV077', 310, '2024-03-31'),
(78, 'EV078', 250, '2024-04-01'),
(79, 'EV079', 300, '2024-04-02'),
(80, 'EV080', 170, '2024-04-03'),
(81, 'EV081', 230, '2024-04-04'),
(82, 'EV082', 150, '2024-04-05'),
(83, 'EV083', 260, '2024-04-06'),
(84, 'EV084', 240, '2024-04-07'),
(85, 'EV085', 200, '2024-04-08'),
(86, 'EV086', 150, '2024-04-09'),
(87, 'EV087', 310, '2024-04-10'),
(88, 'EV088', 180, '2024-04-11'),
(89, 'EV089', 270, '2024-04-12'),
(90, 'EV090', 300, '2024-04-13'),
(91, 'EV091', 100, '2024-04-14'),
(92, 'EV092', 190, '2024-04-15'),
(93, 'EV093', 220, '2024-04-16'),
(94, 'EV094', 150, '2024-04-17'),
(95, 'EV095', 200, '2024-04-18'),
(96, 'EV096', 140, '2024-04-19'),
(97, 'EV097', 170, '2024-04-20'),
(98, 'EV098', 260, '2024-04-21'),
(99, 'EV099', 150, '2024-04-22'),
(100, 'EV100', 200, '2024-04-23');

INSERT INTO ganar (id, nombredisciplina, idatleta, medallaoro, medallaplata, medallabronce) VALUES
(0001, 'Atletismo', 'A001', 1, 0, 0),
(0002, 'Natación', 'A002', 0, 1, 0),
(0003, 'Gimnasia', 'A003', 0, 0, 1),
(0004, 'Fútbol', 'A004', 1, 0, 0),
(0005, 'Baloncesto', 'A005', 0, 1, 0),
(0006, 'Ciclismo', 'A006', 1, 0, 0),
(0007, 'Remo', 'A007', 0, 1, 0),
(0008, 'Voleibol', 'A008', 0, 0, 1),
(0009, 'Judo', 'A009', 1, 0, 0),
(0010, 'Boxeo', 'A010', 0, 1, 0),
(0011, 'Esgrima', 'A011', 1, 0, 0),
(0012, 'Halterofilia', 'A012', 0, 1, 0),
(0013, 'Hockey sobre césped', 'A013', 0, 0, 1),
(0014, 'Rugby', 'A014', 1, 0, 0),
(0015, 'Golf', 'A015', 0, 1, 0),
(0016, 'Taekwondo', 'A016', 0, 0, 1),
(0017, 'Tiro con arco', 'A017', 1, 0, 0),
(0018, 'Escalada deportiva', 'A018', 0, 1, 0),
(0019, 'Surf', 'A019', 1, 0, 0),
(0020, 'Karate', 'A020', 0, 1, 0),
(0021, 'Triatlón', 'A021', 0, 0, 1),
(0022, 'Patinaje artístico', 'A022', 1, 0, 0),
(0023, 'Snowboard', 'A023', 0, 1, 0),
(0024, 'Esquí alpino', 'A024', 0, 0, 1),
(0025, 'Biatlón', 'A025', 1, 0, 0),
(0026, 'Curling', 'A026', 0, 1, 0),
(0027, 'Hockey sobre hielo', 'A027', 1, 0, 0),
(0028, 'Skeleton', 'A028', 0, 1, 0),
(0029, 'Salto de esquí', 'A029', 0, 0, 1),
(0030, 'Lucha', 'A030', 1, 0, 0),
(0031, 'Pentatlón moderno', 'A031', 0, 1, 0),
(0032, 'Equitación', 'A032', 0, 0, 1),
(0033, 'Balonmano', 'A033', 1, 0, 0),
(0034, 'Esquí de fondo', 'A034', 0, 1, 0),
(0035, 'Esquí acrobático', 'A035', 1, 0, 0),
(0036, 'Bobsleigh', 'A036', 0, 1, 0),
(0037, 'Patinaje de velocidad', 'A037', 0, 0, 1),
(0038, 'Vela', 'A038', 1, 0, 0),
(0039, 'Canotaje', 'A039', 0, 1, 0),
(0040, 'Tiro', 'A040', 1, 0, 0),
(0041, 'Ciclismo de montaña', 'A041', 0, 1, 0),
(0042, 'Skateboarding', 'A042', 0, 0, 1),
(0043, 'Bádminton', 'A043', 1, 0, 0);
INSERT INTO ganar (id, nombredisciplina, idatleta, medallaoro, medallaplata, medallabronce) VALUES
(0044, 'Softbol', 'A044', 0, 1, 0),
(0045, 'Waterpolo', 'A045', 1, 0, 0),
(0046, 'Levantamiento de pesas', 'A046', 0, 0, 1),
(0047, 'Ciclismo en pista', 'A047', 1, 0, 0),
(0048, 'Hockey sobre césped', 'A048', 0, 1, 0),
(0049, 'Biatlón', 'A049', 0, 0, 1),
(0050, 'Equitación', 'A050', 1, 0, 0),
(0051, 'Vela', 'A051', 0, 1, 0),
(0052, 'Atletismo', 'A052', 1, 0, 0),
(0053, 'Natación', 'A053', 0, 1, 0),
(0054, 'Gimnasia', 'A054', 0, 0, 1),
(0055, 'Fútbol', 'A055', 1, 0, 0),
(0056, 'Baloncesto', 'A056', 0, 1, 0),
(0057, 'Ciclismo', 'A057', 1, 0, 0),
(0058, 'Remo', 'A058', 0, 0, 1),
(0059, 'Voleibol', 'A059', 1, 0, 0),
(0060, 'Judo', 'A060', 0, 1, 0),
(0061, 'Boxeo', 'A061', 1, 0, 0),
(0062, 'Esgrima', 'A062', 0, 0, 1),
(0063, 'Halterofilia', 'A063', 1, 0, 0),
(0064, 'Hockey sobre césped', 'A064', 0, 1, 0),
(0065, 'Rugby', 'A065', 1, 0, 0),
(0066, 'Golf', 'A066', 0, 0, 1),
(0067, 'Taekwondo', 'A067', 1, 0, 0),
(0068, 'Tiro con arco', 'A068', 0, 1, 0),
(0069, 'Escalada deportiva', 'A069', 1, 0, 0),
(0070, 'Surf', 'A070', 0, 0, 1),
(0071, 'Karate', 'A071', 1, 0, 0),
(0072, 'Triatlón', 'A072', 0, 1, 0),
(0073, 'Patinaje artístico', 'A073', 1, 0, 0),
(0074, 'Snowboard', 'A074', 0, 0, 1),
(0075, 'Esquí alpino', 'A075', 1, 0, 0),
(0076, 'Biatlón', 'A076', 0, 1, 0),
(0077, 'Curling', 'A077', 1, 0, 0),
(0078, 'Hockey sobre hielo', 'A078', 0, 0, 1),
(0079, 'Skeleton', 'A079', 1, 0, 0),
(0080, 'Salto de esquí', 'A080', 0, 1, 0),
(0081, 'Lucha', 'A081', 1, 0, 0),
(0082, 'Pentatlón moderno', 'A082', 0, 0, 1),
(0083, 'Equitación', 'A083', 1, 0, 0),
(0084, 'Balonmano', 'A084', 0, 1, 0),
(0085, 'Esquí de fondo', 'A085', 1, 0, 0),
(0086, 'Esquí acrobático', 'A086', 0, 0, 1),
(0087, 'Bobsleigh', 'A087', 1, 0, 0),
(0088, 'Patinaje de velocidad', 'A088', 0, 1, 0),
(0089, 'Vela', 'A089', 1, 0, 0),
(0090, 'Canotaje', 'A090', 0, 0, 1),
(0091, 'Tiro', 'A091', 1, 0, 0),
(0092, 'Ciclismo de montaña', 'A092', 0, 1, 0),
(0093, 'Skateboarding', 'A093', 1, 0, 0),
(0094, 'Bádminton', 'A094', 0, 0, 1),
(0095, 'Softbol', 'A095', 1, 0, 0),
(0096, 'Waterpolo', 'A096', 0, 1, 0),
(0097, 'Levantamiento de pesas', 'A097', 1, 0, 0),
(0098, 'Ciclismo en pista', 'A098', 0, 0, 1),
(0099, 'Hockey sobre césped', 'A099', 1, 0, 0),
(0100, 'Biatlón', 'A100', 0, 1, 0);

INSERT INTO incluir (idcompetencia, idevento) VALUES 
('C001', 'EV001'),
('C002', 'EV002'),
('C003', 'EV003'),
('C004', 'EV004'),
('C005', 'EV005'),
('C006', 'EV006'),
('C007', 'EV007'),
('C008', 'EV008'),
('C009', 'EV009'),
('C010', 'EV010'),
('C011', 'EV011'),
('C012', 'EV012'),
('C013', 'EV013'),
('C014', 'EV014'),
('C015', 'EV015'),
('C016', 'EV016'),
('C017', 'EV017'),
('C018', 'EV018'),
('C019', 'EV019'),
('C020', 'EV020'),
('C021', 'EV021'),
('C022', 'EV022'),
('C023', 'EV023'),
('C024', 'EV024'),
('C025', 'EV025'),
('C026', 'EV026'),
('C027', 'EV027'),
('C028', 'EV028'),
('C029', 'EV029'),
('C030', 'EV030'),
('C031', 'EV031'),
('C032', 'EV032'),
('C033', 'EV033'),
('C034', 'EV034'),
('C035', 'EV035'),
('C036', 'EV036'),
('C037', 'EV037'),
('C038', 'EV038'),
('C039', 'EV039'),
('C040', 'EV040'),
('C041', 'EV041'),
('C042', 'EV042'),
('C043', 'EV043');
INSERT INTO incluir (idcompetencia, idevento) VALUES 
('C044', 'EV044'),
('C045', 'EV045'),
('C046', 'EV046'),
('C047', 'EV047'),
('C048', 'EV048'),
('C049', 'EV049'),
('C050', 'EV050'),
('C051', 'EV051'),
('C052', 'EV052'),
('C053', 'EV053'),
('C054', 'EV054'),
('C055', 'EV055'),
('C056', 'EV056'),
('C057', 'EV057'),
('C058', 'EV058'),
('C059', 'EV059'),
('C060', 'EV060'),
('C061', 'EV061'),
('C062', 'EV062'),
('C063', 'EV063'),
('C064', 'EV064'),
('C065', 'EV065'),
('C066', 'EV066'),
('C067', 'EV067'),
('C068', 'EV068'),
('C069', 'EV069'),
('C070', 'EV070'),
('C071', 'EV071'),
('C072', 'EV072'),
('C073', 'EV073'),
('C074', 'EV074'),
('C075', 'EV075'),
('C076', 'EV076'),
('C077', 'EV077'),
('C078', 'EV078'),
('C079', 'EV079'),
('C080', 'EV080'),
('C081', 'EV081'),
('C082', 'EV082'),
('C083', 'EV083'),
('C084', 'EV084'),
('C085', 'EV085'),
('C086', 'EV086'),
('C087', 'EV087'),
('C088', 'EV088'),
('C089', 'EV089'),
('C090', 'EV090'),
('C091', 'EV091'),
('C092', 'EV092'),
('C093', 'EV093'),
('C094', 'EV094'),
('C095', 'EV095'),
('C096', 'EV096'),
('C097', 'EV097'),
('C098', 'EV098'),
('C099', 'EV099'),
('C100', 'EV100');

INSERT INTO localidad (nombrelocalidad, idEvento, aforo, tipo, calle, numero, ciudad, pais) VALUES
('Estadio Nacional', 'EV001', '50000', 'Estadio', 'Av. Olímpica', 1, 'Ciudad Olímpica', 'Brasil'),
('Arena Metropolitana', 'EV002', '20000', 'Arena', 'Calle Principal', 45, 'Santiago', 'Kazajistán'),
('Centro Deportivo', 'EV003', '15000', 'Centro', 'Av. Deportiva', 23, 'Lima', 'Irlanda'),
('Estadio del Sol', 'EV004', '40000', 'Estadio', 'Calle Sol', 12, 'Madrid', 'España'),
('Arena Olímpica', 'EV005', '30000', 'Arena', 'Av. Olímpica', 7, 'Tokio', 'Japón'),
('Coliseo Central', 'EV006', '25000', 'Coliseo', 'Calle Central', 5, 'Roma', 'Italia'),
('Estadio de la Luz', 'EV007', '55000', 'Estadio', 'Av. Luz', 33, 'Lisboa', 'Portugal'),
('Centro Acuático', 'EV008', '10000', 'Piscina', 'Calle Azul', 15, 'Los Ángeles', 'Estados Unidos'),
('Pista Atlética', 'EV009', '8000', 'Pista', 'Av. Velocidad', 9, 'París', 'Francia'),
('Velódromo Olímpico', 'EV010', '6000', 'Velódromo', 'Calle Ciclistas', 8, 'Berlín', 'Alemania'),
('Estadio Monumental', 'EV011', '75000', 'Estadio', 'Av. Monumental', 22, 'Buenos Aires', 'Argentina'),
('Arena del Norte', 'EV012', '12000', 'Arena', 'Calle Norte', 18, 'Reykjavik', 'Etiopía'),
('Centro Olímpico', 'EV013', '20000', 'Centro', 'Av. Olímpica', 27, 'Atenas', 'Grecia'),
('Pabellón Este', 'EV014', '18000', 'Pabellón', 'Calle Este', 30, 'Seúl', 'Corea del Sur'),
('Estadio del Sur', 'EV015', '45000', 'Estadio', 'Av. Sur', 14, 'Sidney', 'Australia'),
('Arena Olímpica de Tokio', 'EV016', '25000', 'Arena', 'Av. Olímpica', 10, 'Tokio', 'Japón'),
('Estadio Central', 'EV017', '60000', 'Estadio', 'Calle Principal', 20, 'Ciudad de México', 'México'),
('Coliseo Olímpico', 'EV018', '5000', 'Coliseo', 'Av. Deportes', 18, 'Guatemala', 'Bélgica'),
('Centro de Alto Rendimiento', 'EV019', '1500', 'Centro', 'Av. Altura', 5, 'Quito', 'Irán'),
('Piscina Olímpica', 'EV020', '2000', 'Piscina', 'Calle Agua', 11, 'Brasilia', 'Brasil'),
('Velódromo Internacional', 'EV021', '3000', 'Velódromo', 'Calle Bicicleta', 13, 'La Paz', 'Suiza'),
('Centro Deportivo Sur', 'EV022', '7000', 'Centro', 'Av. Atlética', 17, 'Asunción', 'Georgia'),
('Pista Olímpica', 'EV023', '6000', 'Pista', 'Calle Rápida', 19, 'Montevideo', 'Rusia'),
('Estadio del Norte', 'EV024', '48000', 'Estadio', 'Calle Norte', 2, 'Toronto', 'Canadá'),
('Arena de los Andes', 'EV025', '22000', 'Arena', 'Av. Andes', 12, 'Bogotá', 'Colombia'),
('Centro Internacional', 'EV026', '11000', 'Centro', 'Calle Global', 16, 'San José', 'Serbia'),
('Coliseo del Caribe', 'EV027', '10000', 'Coliseo', 'Av. Caribe', 8, 'La Habana', 'Colombia'),
('Estadio del Atlántico', 'EV028', '54000', 'Estadio', 'Calle Marítima', 4, 'Panamá', 'República Checa'),
('Arena Olímpica del Sol', 'EV029', '31000', 'Arena', 'Av. Sol', 6, 'Caracas', 'Vietnam'),
('Centro Suramericano', 'EV030', '17000', 'Centro', 'Calle América', 14, 'Santa Cruz', 'Eslovaquia'),
('Pabellón Principal', 'EV031', '20000', 'Pabellón', 'Av. Mayor', 21, 'Sao Paulo', 'Brasil'),
('Estadio Andino', 'EV032', '38000', 'Estadio', 'Calle Montaña', 7, 'Medellín', 'Colombia'),
('Piscina Central', 'EV033', '12000', 'Piscina', 'Calle Central', 3, 'Guayaquil', 'Tailandia'),
('Velódromo Central', 'EV034', '4500', 'Velódromo', 'Av. Ciclismo', 9, 'Managua', 'Países Bajos'),
('Estadio Olímpico de Lima', 'EV035', '42000', 'Estadio', 'Calle Perú', 17, 'Lima', 'India'),
('Arena Metropolitana de Chile', 'EV036', '19000', 'Arena', 'Av. Santiago', 15, 'Santiago', 'Hungría'),
('Centro Deportivo de la Ciudad', 'EV037', '13000', 'Centro', 'Calle Ciudad', 12, 'Bogotá', 'Colombia'),
('Estadio Olímpico de Quito', 'EV038', '46000', 'Estadio', 'Av. Quito', 2, 'Quito', 'Tailandia'),
('Velódromo Internacional de Caracas', 'EV039', '6000', 'Velódromo', 'Av. Bicicleta', 5, 'Caracas', 'Vietnam'),
('Piscina Olímpica de Santiago', 'EV040', '2500', 'Piscina', 'Calle Acuática', 11, 'Santiago', 'Hungría'),
('Coliseo Principal de Lima', 'EV041', '9000', 'Coliseo', 'Av. Central', 16, 'Lima', 'India'),
('Centro Deportivo Andino', 'EV042', '14000', 'Centro', 'Calle Altura', 18, 'La Paz', 'Dinamarca'),
('Arena Olímpica del Atlántico', 'EV043', '32000', 'Arena', 'Av. Atlántico', 9, 'Panamá', 'República Checa'),
('Estadio Central de la Ciudad', 'EV044', '40000', 'Estadio', 'Calle Mayor', 3, 'San Salvador', 'Eslovaquia'),
('Pabellón Internacional', 'EV045', '25000', 'Pabellón', 'Av. Mundo', 4, 'Ciudad de Guatemala', 'Portugal'),
('Centro Deportivo del Caribe', 'EV046', '20000', 'Centro', 'Av. Caribe', 10, 'La Habana', 'Serbia'),
('Velódromo del Sol', 'EV047', '5000', 'Velódromo', 'Calle Solar', 7, 'Santo Domingo', 'Finlandia'),
('Piscina Olímpica de la Ciudad', 'EV048', '2200', 'Piscina', 'Calle Ciudad', 14, 'San José', 'Estados Unidos');
INSERT INTO localidad (nombrelocalidad, idEvento, aforo, tipo, calle, numero, ciudad, pais) VALUES
('Estadio Internacional', 'EV049', '51000', 'Estadio', 'Av. Mundial', 1, 'Ciudad de México', 'México'),
('Arena del Pacífico', 'EV050', '28000', 'Arena', 'Calle Pacífico', 12, 'Manila', 'Filipinas'),
('Centro Deportivo Europeo', 'EV051', '17000', 'Centro', 'Av. Europa', 20, 'Bruselas', 'Bélgica'),
('Coliseo Olímpico de Tokio', 'EV052', '32000', 'Coliseo', 'Calle Japón', 6, 'Tokio', 'Japón'),
('Pista Olímpica Central', 'EV053', '8000', 'Pista', 'Av. Centro', 4, 'Madrid', 'España'),
('Velódromo del Norte', 'EV054', '5500', 'Velódromo', 'Calle Norte', 9, 'Toronto', 'Canadá'),
('Estadio Olímpico de Berlín', 'EV055', '70000', 'Estadio', 'Av. Olímpica', 22, 'Berlín', 'Alemania'),
('Centro Acuático Internacional', 'EV056', '18000', 'Piscina', 'Calle Acuática', 8, 'Sao Paulo', 'Brasil'),
('Pista Atlética Nacional', 'EV057', '9500', 'Pista', 'Av. Nacional', 11, 'Lima', 'Perú'),
('Estadio de las Estrellas', 'EV058', '60000', 'Estadio', 'Calle Estrella', 19, 'Los Ángeles', 'Estados Unidos'),
('Arena Olímpica de París', 'EV059', '29000', 'Arena', 'Av. París', 13, 'París', 'Francia'),
('Centro Deportivo Internacional', 'EV060', '22000', 'Centro', 'Calle Global', 21, 'Bruselas', 'Bélgica'),
('Coliseo Principal de Roma', 'EV061', '35000', 'Coliseo', 'Calle Italia', 7, 'Roma', 'Italia'),
('Velódromo Olímpico de Atenas', 'EV062', '4700', 'Velódromo', 'Calle Olímpica', 6, 'Atenas', 'Grecia'),
('Piscina Internacional de Tokio', 'EV063', '20000', 'Piscina', 'Av. Japón', 15, 'Tokio', 'Japón'),
('Estadio de las Montañas', 'EV064', '52000', 'Estadio', 'Calle Montañas', 8, 'Bogotá', 'Colombia'),
('Centro Deportivo del Sur', 'EV065', '16000', 'Centro', 'Av. Sur', 9, 'Quito', 'Ecuador'),
('Arena del Mundo', 'EV066', '30000', 'Arena', 'Calle Mundo', 5, 'Ciudad de Guatemala', 'Guatemala'),
('Pista Olímpica de Lima', 'EV067', '7600', 'Pista', 'Calle Perú', 3, 'Lima', 'Perú'),
('Velódromo de Europa', 'EV068', '4600', 'Velódromo', 'Av. Europa', 2, 'Bruselas', 'Bélgica'),
('Estadio de las Naciones', 'EV069', '62000', 'Estadio', 'Calle Naciones', 17, 'Madrid', 'España'),
('Arena Olímpica de Manila', 'EV070', '26000', 'Arena', 'Av. Olímpica', 18, 'Manila', 'Filipinas'),
('Centro Acuático de Berlín', 'EV071', '15000', 'Piscina', 'Calle Acuática', 7, 'Berlín', 'Alemania'),
('Pista Atlética Europea', 'EV072', '8900', 'Pista', 'Calle Rápida', 4, 'Atenas', 'Grecia'),
('Estadio Nacional del Sol', 'EV073', '58000', 'Estadio', 'Av. Sol', 10, 'Sidney', 'Australia'),
('Coliseo Olímpico de Canadá', 'EV074', '34000', 'Coliseo', 'Calle Norte', 8, 'Toronto', 'Canadá'),
('Velódromo del Caribe', 'EV075', '5000', 'Velódromo', 'Calle Caribe', 2, 'La Habana', 'Cuba'),
('Piscina Olímpica de París', 'EV076', '19000', 'Piscina', 'Av. Francia', 12, 'París', 'Francia'),
('Estadio Olímpico de Bogotá', 'EV077', '64000', 'Estadio', 'Calle Montaña', 14, 'Bogotá', 'Colombia'),
('Centro Olímpico Internacional', 'EV078', '25000', 'Centro', 'Av. Internacional', 7, 'Bruselas', 'Bélgica'),
('Arena del Sol', 'EV079', '28000', 'Arena', 'Calle Solar', 13, 'Manila', 'Filipinas'),
('Pista Nacional de México', 'EV080', '9500', 'Pista', 'Av. Nacional', 11, 'Ciudad de México', 'México'),
('Coliseo Central de Berlín', 'EV081', '37000', 'Coliseo', 'Calle Berlín', 5, 'Berlín', 'Alemania'),
('Velódromo Olímpico del Norte', 'EV082', '4300', 'Velódromo', 'Calle Ciclismo', 6, 'Toronto', 'Canadá'),
('Piscina Internacional del Caribe', 'EV083', '24000', 'Piscina', 'Av. Caribe', 8, 'La Habana', 'Cuba'),
('Estadio Olímpico de París', 'EV084', '57000', 'Estadio', 'Calle Francia', 9, 'París', 'Francia'),
('Arena Olímpica Central', 'EV085', '31000', 'Arena', 'Av. Central', 7, 'Tokio', 'Japón'),
('Centro Deportivo del Pacífico', 'EV086', '14000', 'Centro', 'Calle Pacífico', 19, 'Manila', 'Filipinas'),
('Pista Atlética del Caribe', 'EV087', '8700', 'Pista', 'Calle Caribe', 2, 'La Habana', 'Cuba'),
('Velódromo Internacional del Sur', 'EV088', '4200', 'Velódromo', 'Calle Bicicleta', 8, 'Santiago', 'Chile'),
('Piscina Central del Norte', 'EV089', '17000', 'Piscina', 'Av. Norte', 11, 'Lima', 'Perú'),
('Estadio Nacional de Manila', 'EV090', '66000', 'Estadio', 'Calle Nacional', 14, 'Manila', 'Filipinas'),
('Arena Olímpica de Atenas', 'EV091', '23000', 'Arena', 'Av. Grecia', 15, 'Atenas', 'Grecia'),
('Centro Olímpico del Norte', 'EV092', '18000', 'Centro', 'Calle Norte', 12, 'Toronto', 'Canadá'),
('Pista Nacional del Pacífico', 'EV093', '9200', 'Pista', 'Av. Pacífico', 10, 'Manila', 'Filipinas'),
('Velódromo Olímpico de París', 'EV094', '3900', 'Velódromo', 'Calle París', 16, 'París', 'Francia'),
('Piscina Olímpica del Atlántico', 'EV095', '15000', 'Piscina', 'Av. Atlántico', 6, 'Panamá', 'Panamá'),
('Estadio Olímpico del Sur', 'EV096', '56000', 'Estadio', 'Calle Sur', 18, 'Sidney', 'Australia'),
('Arena Central de Tokio', 'EV097', '30000', 'Arena', 'Av. Japón', 5, 'Tokio', 'Japón'),
('Centro Deportivo Internacional de México', 'EV098', '21000', 'Centro', 'Calle México', 8, 'Ciudad de México', 'México'),
('Pista Atlética Central', 'EV099', '8200', 'Pista', 'Calle Atlética', 14, 'Atenas', 'Grecia'),
('Velódromo Olímpico del Sol', 'EV100', '4100', 'Velódromo', 'Calle Solar', 11, 'Manila', 'Filipinas');

INSERT INTO Patrocinadores (NombreDisciplina, Patrocinador) VALUES ('Atletismo', 'Nike');
INSERT INTO Patrocinadores (NombreDisciplina, Patrocinador) VALUES ('Natación', 'Speedo');
INSERT INTO Patrocinadores (NombreDisciplina, Patrocinador) VALUES ('Gimnasia', 'Adidas');
INSERT INTO Patrocinadores (NombreDisciplina, Patrocinador) VALUES ('Fútbol', 'Puma');
INSERT INTO Patrocinadores (NombreDisciplina, Patrocinador) VALUES ('Baloncesto', 'Under Armour');
INSERT INTO Patrocinadores (NombreDisciplina, Patrocinador) VALUES ('Ciclismo', 'Shimano');
INSERT INTO Patrocinadores (NombreDisciplina, Patrocinador) VALUES ('Remo', 'Concept2');
INSERT INTO Patrocinadores (NombreDisciplina, Patrocinador) VALUES ('Voleibol', 'Mikasa');
INSERT INTO Patrocinadores (NombreDisciplina, Patrocinador) VALUES ('Judo', 'Mizuno');
INSERT INTO Patrocinadores (NombreDisciplina, Patrocinador) VALUES ('Boxeo', 'Everlast');
INSERT INTO Patrocinadores (NombreDisciplina, Patrocinador) VALUES ('Esgrima', 'Leon Paul');
INSERT INTO Patrocinadores (NombreDisciplina, Patrocinador) VALUES ('Halterofilia', 'Eleiko');
INSERT INTO Patrocinadores (NombreDisciplina, Patrocinador) VALUES ('Hockey sobre césped', 'Grays');
INSERT INTO Patrocinadores (NombreDisciplina, Patrocinador) VALUES ('Rugby', 'Canterbury');
INSERT INTO Patrocinadores (NombreDisciplina, Patrocinador) VALUES ('Golf', 'Titleist');
INSERT INTO Patrocinadores (NombreDisciplina, Patrocinador) VALUES ('Taekwondo', 'Adidas');
INSERT INTO Patrocinadores (NombreDisciplina, Patrocinador) VALUES ('Tiro con arco', 'Easton');
INSERT INTO Patrocinadores (NombreDisciplina, Patrocinador) VALUES ('Escalada deportiva', 'Black Diamond');
INSERT INTO Patrocinadores (NombreDisciplina, Patrocinador) VALUES ('Surf', 'Rip Curl');
INSERT INTO Patrocinadores (NombreDisciplina, Patrocinador) VALUES ('Karate', 'Adidas');
INSERT INTO Patrocinadores (NombreDisciplina, Patrocinador) VALUES ('Triatlón', 'Cervélo');
INSERT INTO Patrocinadores (NombreDisciplina, Patrocinador) VALUES ('Patinaje artístico', 'Riedell');
INSERT INTO Patrocinadores (NombreDisciplina, Patrocinador) VALUES ('Snowboard', 'Burton');
INSERT INTO Patrocinadores (NombreDisciplina, Patrocinador) VALUES ('Esquí alpino', 'Rossignol');
INSERT INTO Patrocinadores (NombreDisciplina, Patrocinador) VALUES ('Biatlón', 'Fischer');
INSERT INTO Patrocinadores (NombreDisciplina, Patrocinador) VALUES ('Curling', 'Asham');
INSERT INTO Patrocinadores (NombreDisciplina, Patrocinador) VALUES ('Hockey sobre hielo', 'Bauer');
INSERT INTO Patrocinadores (NombreDisciplina, Patrocinador) VALUES ('Skeleton', 'Dukurs');
INSERT INTO Patrocinadores (NombreDisciplina, Patrocinador) VALUES ('Salto de esquí', 'Fischer');
INSERT INTO Patrocinadores (NombreDisciplina, Patrocinador) VALUES ('Lucha', 'Asics');
INSERT INTO Patrocinadores (NombreDisciplina, Patrocinador) VALUES ('Pentatlón moderno', 'LaserRun');
INSERT INTO Patrocinadores (NombreDisciplina, Patrocinador) VALUES ('Equitación', 'Hermès');
INSERT INTO Patrocinadores (NombreDisciplina, Patrocinador) VALUES ('Balonmano', 'Hummel');
INSERT INTO Patrocinadores (NombreDisciplina, Patrocinador) VALUES ('Esquí de fondo', 'Madshus');
INSERT INTO Patrocinadores (NombreDisciplina, Patrocinador) VALUES ('Esquí acrobático', 'Atomic');
INSERT INTO Patrocinadores (NombreDisciplina, Patrocinador) VALUES ('Bobsleigh', 'BMW');
INSERT INTO Patrocinadores (NombreDisciplina, Patrocinador) VALUES ('Patinaje de velocidad', 'Viking');
INSERT INTO Patrocinadores (NombreDisciplina, Patrocinador) VALUES ('Vela', 'North Sails');
INSERT INTO Patrocinadores (NombreDisciplina, Patrocinador) VALUES ('Canotaje', 'Nelo');
INSERT INTO Patrocinadores (NombreDisciplina, Patrocinador) VALUES ('Tiro', 'Lapua');
INSERT INTO Patrocinadores (NombreDisciplina, Patrocinador) VALUES ('Ciclismo de montaña', 'Giant');
INSERT INTO Patrocinadores (NombreDisciplina, Patrocinador) VALUES ('Skateboarding', 'Element');
INSERT INTO Patrocinadores (NombreDisciplina, Patrocinador) VALUES ('Bádminton', 'Yonex');
INSERT INTO Patrocinadores (NombreDisciplina, Patrocinador) VALUES ('Softbol', 'Mizuno');
INSERT INTO Patrocinadores (NombreDisciplina, Patrocinador) VALUES ('Waterpolo', 'Turbo');
INSERT INTO Patrocinadores (NombreDisciplina, Patrocinador) VALUES ('Levantamiento de pesas', 'Rogue Fitness');
INSERT INTO Patrocinadores (NombreDisciplina, Patrocinador) VALUES ('Ciclismo en pista', 'Specialized');
INSERT INTO Patrocinadores (NombreDisciplina, Patrocinador) VALUES ('Esquí de salto largo', 'Fischer');
INSERT INTO Patrocinadores (NombreDisciplina, Patrocinador) VALUES ('Ciclismo en arena', 'Canyon');
INSERT INTO Patrocinadores (NombreDisciplina, Patrocinador) VALUES ('Tenis en silla de ruedas', 'Wilson');
INSERT INTO Patrocinadores (NombreDisciplina, Patrocinador) VALUES ('Remo', 'Petzl');
INSERT INTO Patrocinadores (NombreDisciplina, Patrocinador) VALUES ('Skeleton', 'Jackson Kayak');
INSERT INTO Patrocinadores (NombreDisciplina, Patrocinador) VALUES ('Pesca submarina', 'Beuchat');
INSERT INTO Patrocinadores (NombreDisciplina, Patrocinador) VALUES ('Equitación', 'Powerslide');
INSERT INTO Patrocinadores (NombreDisciplina, Patrocinador) VALUES ('Bobsleigh en pareja', 'Audi');
INSERT INTO Patrocinadores (NombreDisciplina, Patrocinador) VALUES ('Equilibrio en cuerda', 'Slackline Industries');
INSERT INTO Patrocinadores (NombreDisciplina, Patrocinador) VALUES ('Balonmano', 'Salomon');
INSERT INTO Patrocinadores (NombreDisciplina, Patrocinador) VALUES ('Esquí de fondo', 'Capezio');
INSERT INTO Patrocinadores (NombreDisciplina, Patrocinador) VALUES ('Esquí acrobático', 'Allstar');
INSERT INTO Patrocinadores (NombreDisciplina, Patrocinador) VALUES ('Pentatlón acuático', 'Arena Water Instinct');
INSERT INTO Patrocinadores (NombreDisciplina, Patrocinador) VALUES ('Bobsleigh', 'Nike');
INSERT INTO Patrocinadores (NombreDisciplina, Patrocinador) VALUES ('Patinaje de velocidad', 'The North Face');
INSERT INTO Patrocinadores (NombreDisciplina, Patrocinador) VALUES ('Tiro', 'Trek');
INSERT INTO Patrocinadores (NombreDisciplina, Patrocinador) VALUES ('Ciclismo de montaña', 'Beretta');
INSERT INTO Patrocinadores (NombreDisciplina, Patrocinador) VALUES ('Skateboarding', 'Leki');
INSERT INTO Patrocinadores (NombreDisciplina, Patrocinador) VALUES ('Softbol', 'TYR');
INSERT INTO Patrocinadores (NombreDisciplina, Patrocinador) VALUES ('Waterpolo', 'CCM');
INSERT INTO Patrocinadores (NombreDisciplina, Patrocinador) VALUES ('Levantamiento de pesas', 'Head');
INSERT INTO Patrocinadores (NombreDisciplina, Patrocinador) VALUES ('Ciclismo en pista', 'Asics');
INSERT INTO Patrocinadores (NombreDisciplina, Patrocinador) VALUES ('Ecuestre', 'Dynastar');
INSERT INTO Patrocinadores (NombreDisciplina, Patrocinador) VALUES ('Caminata', 'Browning');
INSERT INTO Patrocinadores (NombreDisciplina, Patrocinador) VALUES ('Parapente', 'Ozone');
INSERT INTO Patrocinadores (NombreDisciplina, Patrocinador) VALUES ('Polo acuático', 'Scubapro');
INSERT INTO Patrocinadores (NombreDisciplina, Patrocinador) VALUES ('Triatlón de invierno', 'Saucony');
INSERT INTO Patrocinadores (NombreDisciplina, Patrocinador) VALUES ('Lanzamiento de martillo', 'York Barbell');
INSERT INTO Patrocinadores (NombreDisciplina, Patrocinador) VALUES ('Lanzamiento de disco', 'Evolv');
INSERT INTO Patrocinadores (NombreDisciplina, Patrocinador) VALUES ('Ajedrez', 'Zap Skimboards');
INSERT INTO Patrocinadores (NombreDisciplina, Patrocinador) VALUES ('Esquí nórdico', 'Gibbon Slacklines');
INSERT INTO Patrocinadores (NombreDisciplina, Patrocinador) VALUES ('Marcha nórdica', 'Storm');
INSERT INTO Patrocinadores (NombreDisciplina, Patrocinador) VALUES ('Natación en aguas abiertas', 'Haro Bikes');
INSERT INTO Patrocinadores (NombreDisciplina, Patrocinador) VALUES ('Danza deportiva', 'Bosch');
INSERT INTO Patrocinadores (NombreDisciplina, Patrocinador) VALUES ('Tenis en silla de ruedas', 'Old Town');
INSERT INTO Patrocinadores (NombreDisciplina, Patrocinador) VALUES ('Arquería en equipo', 'Warrior');
INSERT INTO Patrocinadores (NombreDisciplina, Patrocinador) VALUES ('Canoas dobles', 'Spartan Race');
INSERT INTO Patrocinadores (NombreDisciplina, Patrocinador) VALUES ('Rafting', 'Wavesport');
INSERT INTO Patrocinadores (NombreDisciplina, Patrocinador) VALUES ('Esquí acuático', 'Bloch');
INSERT INTO Patrocinadores (NombreDisciplina, Patrocinador) VALUES ('Rafting', 'NRS');
INSERT INTO Patrocinadores (NombreDisciplina, Patrocinador) VALUES ('Windsurf', 'Starboard');
INSERT INTO Patrocinadores (NombreDisciplina, Patrocinador) VALUES ('Bobsleigh en pareja', 'Grasski');
INSERT INTO Patrocinadores (NombreDisciplina, Patrocinador) VALUES ('Paracaidismo', 'Hoyt Archery');
INSERT INTO Patrocinadores (NombreDisciplina, Patrocinador) VALUES ('Esgrima por equipos', 'Speedo');
INSERT INTO Patrocinadores (NombreDisciplina, Patrocinador) VALUES ('Lanzamiento de jabalina', 'Orca Wetsuits');
INSERT INTO Patrocinadores (NombreDisciplina, Patrocinador) VALUES ('Carrera de obstáculos', 'Brooks');
INSERT INTO Patrocinadores (NombreDisciplina, Patrocinador) VALUES ('Karate en equipo', 'Cressi');
INSERT INTO Patrocinadores (NombreDisciplina, Patrocinador) VALUES ('Kitesurf', 'Naish');
INSERT INTO Patrocinadores (NombreDisciplina, Patrocinador) VALUES ('Esgrima adaptativa', 'Merrell');
INSERT INTO Patrocinadores (NombreDisciplina, Patrocinador) VALUES ('Dardos', 'Connelly');
INSERT INTO Patrocinadores (NombreDisciplina, Patrocinador) VALUES ('Pesca deportiva', 'Quiksilver');
INSERT INTO Patrocinadores (NombreDisciplina, Patrocinador) VALUES ('Lanzamiento de bala', 'Hoka One One');
INSERT INTO Patrocinadores (NombreDisciplina, Patrocinador) VALUES ('Equilibrio en cuerda', 'Jackson Ultima');
INSERT INTO Patrocinadores (NombreDisciplina, Patrocinador) VALUES ('Ciclismo en arena', 'Salomon');
INSERT INTO Patrocinadores (NombreDisciplina, Patrocinador) VALUES ('Ski cross', 'K2');
INSERT INTO Patrocinadores (NombreDisciplina, Patrocinador) VALUES ('Carrera en nieve', 'Leon Paul');
INSERT INTO Patrocinadores (NombreDisciplina, Patrocinador) VALUES ('Patinaje sincronizado', 'Gilbert Rugby');
INSERT INTO Patrocinadores (NombreDisciplina, Patrocinador) VALUES ('Canotaje extremo', 'Grivel');
INSERT INTO Patrocinadores (NombreDisciplina, Patrocinador) VALUES ('Ala delta', 'Aqua Sphere');
INSERT INTO Patrocinadores (NombreDisciplina, Patrocinador) VALUES ('Pesca submarina', 'Fuji Sports');
INSERT INTO Patrocinadores (NombreDisciplina, Patrocinador) VALUES ('Ajedrez', 'Penn Reels');
INSERT INTO Patrocinadores (NombreDisciplina, Patrocinador) VALUES ('Tiro', 'Cannondale');

INSERT INTO registrar (idagenda, idevento) VALUES
('A001', 'EV001'),
('A002', 'EV002'),
('A003', 'EV003'),
('A004', 'EV004'),
('A005', 'EV005'),
('A006', 'EV006'),
('A007', 'EV007'),
('A008', 'EV008'),
('A009', 'EV009'),
('A010', 'EV010'),
('A011', 'EV011'),
('A012', 'EV012'),
('A013', 'EV013'),
('A014', 'EV014'),
('A015', 'EV015'),
('A016', 'EV016'),
('A017', 'EV017'),
('A018', 'EV018'),
('A019', 'EV019'),
('A020', 'EV020'),
('A021', 'EV021'),
('A022', 'EV022'),
('A023', 'EV023'),
('A024', 'EV024'),
('A025', 'EV025'),
('A026', 'EV026'),
('A027', 'EV027'),
('A028', 'EV028'),
('A029', 'EV029'),
('A030', 'EV030'),
('A031', 'EV031'),
('A032', 'EV032'),
('A033', 'EV033'),
('A034', 'EV034'),
('A035', 'EV035'),
('A036', 'EV036'),
('A037', 'EV037'),
('A038', 'EV038'),
('A039', 'EV039'),
('A040', 'EV040'),
('A041', 'EV041'),
('A042', 'EV042'),
('A043', 'EV043'),
('A044', 'EV044'),
('A045', 'EV045'),
('A046', 'EV046'),
('A047', 'EV047'),
('A048', 'EV048');
INSERT INTO registrar (idagenda, idevento) VALUES
('A049', 'EV049'),
('A050', 'EV050'),
('A051', 'EV051'),
('A052', 'EV052'),
('A053', 'EV053'),
('A054', 'EV054'),
('A055', 'EV055'),
('A056', 'EV056'),
('A057', 'EV057'),
('A058', 'EV058'),
('A059', 'EV059'),
('A060', 'EV060'),
('A061', 'EV061'),
('A062', 'EV062'),
('A063', 'EV063'),
('A064', 'EV064'),
('A065', 'EV065'),
('A066', 'EV066'),
('A067', 'EV067'),
('A068', 'EV068'),
('A069', 'EV069'),
('A070', 'EV070'),
('A071', 'EV071'),
('A072', 'EV072'),
('A073', 'EV073'),
('A074', 'EV074'),
('A075', 'EV075'),
('A076', 'EV076'),
('A077', 'EV077'),
('A078', 'EV078'),
('A079', 'EV079'),
('A080', 'EV080'),
('A081', 'EV081'),
('A082', 'EV082'),
('A083', 'EV083'),
('A084', 'EV084'),
('A085', 'EV085'),
('A086', 'EV086'),
('A087', 'EV087'),
('A088', 'EV088'),
('A089', 'EV089'),
('A090', 'EV090'),
('A091', 'EV091'),
('A092', 'EV092'),
('A093', 'EV093'),
('A094', 'EV094'),
('A095', 'EV095'),
('A096', 'EV096');


INSERT INTO representar (nombredisciplina, idatleta, año) VALUES
('Atletismo', 'A001', '2020-01-01'),
('Natación', 'A002', '2020-01-01'),
('Gimnasia', 'A003', '2020-01-01'),
('Fútbol', 'A004', '2020-01-01'),
('Baloncesto', 'A005', '2020-01-01'),
('Ciclismo', 'A006', '2020-01-01'),
('Remo', 'A007', '2020-01-01'),
('Voleibol', 'A008', '2020-01-01'),
('Judo', 'A009', '2020-01-01'),
('Boxeo', 'A010', '2020-01-01'),
('Esgrima', 'A011', '2020-01-01'),
('Halterofilia', 'A012', '2020-01-01'),
('Hockey sobre césped', 'A013', '2020-01-01'),
('Rugby', 'A014', '2020-01-01'),
('Golf', 'A015', '2020-01-01'),
('Taekwondo', 'A016', '2020-01-01'),
('Tiro con arco', 'A017', '2020-01-01'),
('Escalada deportiva', 'A018', '2020-01-01'),
('Surf', 'A019', '2020-01-01'),
('Karate', 'A020', '2020-01-01'),
('Triatlón', 'A021', '2020-01-01'),
('Patinaje artístico', 'A022', '2018-01-01'),
('Snowboard', 'A023', '2018-01-01'),
('Esquí alpino', 'A024', '2018-01-01'),
('Biatlón', 'A025', '2018-01-01'),
('Curling', 'A026', '2018-01-01'),
('Hockey sobre hielo', 'A027', '2018-01-01'),
('Skeleton', 'A028', '2018-01-01'),
('Salto de esquí', 'A029', '2018-01-01'),
('Lucha', 'A030', '2020-01-01'),
('Pentatlón moderno', 'A031', '2020-01-01'),
('Equitación', 'A032', '2020-01-01'),
('Balonmano', 'A033', '2020-01-01'),
('Esquí de fondo', 'A034', '2018-01-01'),
('Esquí acrobático', 'A035', '2018-01-01'),
('Bobsleigh', 'A036', '2018-01-01'),
('Patinaje de velocidad', 'A037', '2018-01-01'),
('Vela', 'A038', '2020-01-01'),
('Canotaje', 'A039', '2020-01-01'),
('Tiro', 'A040', '2020-01-01'),
('Ciclismo de montaña', 'A041', '2020-01-01'),
('Skateboarding', 'A042', '2020-01-01'),
('Bádminton', 'A043', '2020-01-01');
INSERT INTO representar (nombredisciplina, idatleta, año) VALUES
('Softbol', 'A044', '2022-01-01'),
('Waterpolo', 'A045', '2022-01-01'),
('Levantamiento de pesas', 'A046', '2022-01-01'),
('Ciclismo en pista', 'A047', '2022-01-01'),
('Ecuestre', 'A048', '2022-01-01'),
('Caminata', 'A049', '2022-01-01'),
('Parapente', 'A050', '2022-01-01'),
('Salto largo', 'A051', '2022-01-01'),
('Polo acuático', 'A052', '2022-01-01'),
('Triatlón de invierno', 'A053', '2022-01-01'),
('Lanzamiento de martillo', 'A054', '2022-01-01'),
('Lanzamiento de disco', 'A055', '2022-01-01'),
('Ajedrez', 'A056', '2022-01-01'),
('Esquí nórdico', 'A057', '2022-01-01'),
('Marcha nórdica', 'A058', '2022-01-01'),
('Natación en aguas abiertas', 'A059', '2022-01-01'),
('Buceo', 'A060', '2022-01-01'),
('Kitesurf', 'A061', '2022-01-01'),
('Danza deportiva', 'A062', '2022-01-01'),
('Tenis en silla de ruedas', 'A063', '2022-01-01'),
('Arquería en equipo', 'A064', '2022-01-01'),
('Canoas dobles', 'A065', '2022-01-01'),
('Rafting', 'A066', '2022-01-01'),
('Esquí acuático', 'A067', '2022-01-01'),
('Bobsleigh en pareja', 'A068', '2022-01-01'),
('Paracaidismo', 'A069', '2022-01-01'),
('Esgrima por equipos', 'A070', '2022-01-01'),
('Lanzamiento de jabalina', 'A071', '2022-01-01'),
('Carrera de obstáculos', 'A072', '2022-01-01'),
('Karate en equipo', 'A073', '2022-01-01'),
('Paddleboarding', 'A074', '2022-01-01'),
('Esgrima adaptativa', 'A075', '2022-01-01'),
('Dardos', 'A076', '2022-01-01'),
('Pesca deportiva', 'A077', '2022-01-01'),
('Lanzamiento de bala', 'A078', '2022-01-01'),
('Equilibrio en cuerda', 'A079', '2022-01-01'),
('Ciclismo en arena', 'A080', '2022-01-01'),
('Ski cross', 'A081', '2022-01-01'),
('Carrera en nieve', 'A082', '2022-01-01'),
('Patinaje sincronizado', 'A083', '2022-01-01'),
('Canotaje extremo', 'A084', '2022-01-01'),
('Fútbol sala', 'A085', '2022-01-01'),
('Motocross', 'A086', '2022-01-01'),
('Windsurf', 'A087', '2022-01-01'),
('Ala delta', 'A088', '2022-01-01'),
('Pesca submarina', 'A089', '2022-01-01'),
('Baile de salón', 'A090', '2022-01-01'),
('Breakdance', 'A091', '2022-01-01'),
('Esquí de salto largo', 'A092', '2022-01-01'),
('Pentatlón acuático', 'A093', '2022-01-01'),
('Trampolín', 'A094', '2022-01-01'),
('Carrera de patinetas', 'A095', '2022-01-01');

INSERT INTO supervisar (nombredisciplina, idjuez, idarbitro, identrenador) VALUES
('Atletismo', 'J001', 'A001', 'E001'),
('Natación', 'J002', 'A002', 'E002'),
('Gimnasia', 'J003', 'A003', 'E003'),
('Fútbol', 'J004', 'A004', 'E004'),
('Baloncesto', 'J005', 'A005', 'E005'),
('Ciclismo', 'J006', 'A006', 'E006'),
('Remo', 'J007', 'A007', 'E007'),
('Voleibol', 'J008', 'A008', 'E008'),
('Judo', 'J009', 'A009', 'E009'),
('Boxeo', 'J010', 'A010', 'E010'),
('Esgrima', 'J011', 'A011', 'E011'),
('Halterofilia', 'J012', 'A012', 'E012'),
('Hockey sobre césped', 'J013', 'A013', 'E013'),
('Rugby', 'J014', 'A014', 'E014'),
('Golf', 'J015', 'A015', 'E015'),
('Taekwondo', 'J016', 'A016', 'E016'),
('Tiro con arco', 'J017', 'A017', 'E017'),
('Escalada deportiva', 'J018', 'A018', 'E018'),
('Surf', 'J019', 'A019', 'E019'),
('Karate', 'J020', 'A020', 'E020'),
('Triatlón', 'J021', 'A021', 'E021'),
('Patinaje artístico', 'J022', 'A022', 'E022'),
('Snowboard', 'J023', 'A023', 'E023'),
('Esquí alpino', 'J024', 'A024', 'E024'),
('Biatlón', 'J025', 'A025', 'E025'),
('Curling', 'J026', 'A026', 'E026'),
('Hockey sobre hielo', 'J027', 'A027', 'E027'),
('Skeleton', 'J028', 'A028', 'E028'),
('Salto de esquí', 'J029', 'A029', 'E029'),
('Lucha', 'J030', 'A030', 'E030'),
('Pentatlón moderno', 'J031', 'A031', 'E031'),
('Equitación', 'J032', 'A032', 'E032'),
('Balonmano', 'J033', 'A033', 'E033'),
('Esquí de fondo', 'J034', 'A034', 'E034'),
('Esquí acrobático', 'J035', 'A035', 'E035'),
('Bobsleigh', 'J036', 'A036', 'E036'),
('Patinaje de velocidad', 'J037', 'A037', 'E037'),
('Vela', 'J038', 'A038', 'E038'),
('Canotaje', 'J039', 'A039', 'E039'),
('Tiro', 'J040', 'A040', 'E040'),
('Ciclismo de montaña', 'J041', 'A041', 'E041'),
('Skateboarding', 'J042', 'A042', 'E042'),
('Bádminton', 'J043', 'A043', 'E043');
INSERT INTO supervisar (nombredisciplina, idjuez, idarbitro, identrenador) VALUES
('Softbol', 'J044', 'A044', 'E044'),
('Waterpolo', 'J045', 'A045', 'E045'),
('Levantamiento de pesas', 'J046', 'A046', 'E046'),
('Ciclismo en pista', 'J047', 'A047', 'E047'),
('Ecuestre', 'J048', 'A048', 'E048'),
('Caminata', 'J049', 'A049', 'E049'),
('Parapente', 'J050', 'A050', 'E050'),
('Salto largo', 'J051', 'A051', 'E051'),
('Polo acuático', 'J052', 'A052', 'E052'),
('Triatlón de invierno', 'J053', 'A053', 'E053'),
('Lanzamiento de martillo', 'J054', 'A054', 'E054'),
('Lanzamiento de disco', 'J055', 'A055', 'E055'),
('Ajedrez', 'J056', 'A056', 'E056'),
('Esquí nórdico', 'J057', 'A057', 'E057'),
('Marcha nórdica', 'J058', 'A058', 'E058'),
('Natación en aguas abiertas', 'J059', 'A059', 'E059'),
('Buceo', 'J060', 'A060', 'E060'),
('Kitesurf', 'J061', 'A061', 'E061'),
('Danza deportiva', 'J062', 'A062', 'E062'),
('Tenis en silla de ruedas', 'J063', 'A063', 'E063'),
('Arquería en equipo', 'J064', 'A064', 'E064'),
('Canoas dobles', 'J065', 'A065', 'E065'),
('Rafting', 'J066', 'A066', 'E066'),
('Esquí acuático', 'J067', 'A067', 'E067'),
('Bobsleigh en pareja', 'J068', 'A068', 'E068'),
('Paracaidismo', 'J069', 'A069', 'E069'),
('Esgrima por equipos', 'J070', 'A070', 'E070'),
('Lanzamiento de jabalina', 'J071', 'A071', 'E071'),
('Carrera de obstáculos', 'J072', 'A072', 'E072'),
('Karate en equipo', 'J073', 'A073', 'E073'),
('Paddleboarding', 'J074', 'A074', 'E074'),
('Esgrima adaptativa', 'J075', 'A075', 'E075'),
('Dardos', 'J076', 'A076', 'E076'),
('Pesca deportiva', 'J077', 'A077', 'E077'),
('Lanzamiento de bala', 'J078', 'A078', 'E078'),
('Equilibrio en cuerda', 'J079', 'A079', 'E079'),
('Ciclismo en arena', 'J080', 'A080', 'E080'),
('Ski cross', 'J081', 'A081', 'E081'),
('Carrera en nieve', 'J082', 'A082', 'E082'),
('Patinaje sincronizado', 'J083', 'A083', 'E083'),
('Canotaje extremo', 'J084', 'A084', 'E084'),
('Fútbol sala', 'J085', 'A085', 'E085'),
('Motocross', 'J086', 'A086', 'E086'),
('Windsurf', 'J087', 'A087', 'E087'),
('Ala delta', 'J088', 'A088', 'E088'),
('Pesca submarina', 'J089', 'A089', 'E089'),
('Baile de salón', 'J090', 'A090', 'E090'),
('Breakdance', 'J091', 'A091', 'E091'),
('Esquí de salto largo', 'J092', 'A092', 'E092'),
('Pentatlón acuático', 'J093', 'A093', 'E093'),
('Trampolín', 'J094', 'A094', 'E094'),
('Carrera de patinetas', 'J095', 'A095', 'E095');


INSERT INTO TelefonoArbitro (idarbitro, telefono) VALUES
('A001', 5551234567),
('A002', 5552345678),
('A003', 5553456789),
('A004', 5554567890),
('A005', 5555678901),
('A006', 5556789012),
('A007', 5557890123),
('A008', 5558901234),
('A009', 5559012345),
('A010', 5550123456),
('A011', 5551112222),
('A012', 5552223333),
('A013', 5553334444),
('A014', 5554445555),
('A015', 5555556666),
('A016', 5556667777),
('A017', 5557778888),
('A018', 5558889999),
('A019', 5559990000),
('A020', 5550001111),
('A021', 5551110000),
('A022', 5552221111),
('A023', 5553332222),
('A024', 5554443333),
('A025', 5555554444),
('A026', 5556665555),
('A027', 5557776666),
('A028', 5558887777),
('A029', 5559998888),
('A030', 5550009999),
('A031', 5551231234),
('A032', 5552342345),
('A033', 5553453456),
('A034', 5554564567),
('A035', 5555675678),
('A036', 5556786789),
('A037', 5557897890),
('A038', 5558908901),
('A039', 5559019012),
('A040', 5550120123),
('A041', 5551111234),
('A042', 5552222345),
('A043', 5553333456),
('A044', 5554444567),
('A045', 5555555678),
('A046', 5556666789),
('A047', 5557777890),
('A048', 5558888901),
('A049', 5559999012),
('A050', 5550000123);
INSERT INTO TelefonoArbitro (idarbitro, telefono) VALUES
('A051', 5551234561),
('A052', 5551234562),
('A053', 5551234563),
('A054', 5551234564),
('A055', 5551234565),
('A056', 5551234566),
('A057', 5551234567),
('A058', 5551234568),
('A059', 5551234569),
('A060', 5551234570),
('A061', 5551234571),
('A062', 5551234572),
('A063', 5551234573),
('A064', 5551234574),
('A065', 5551234575),
('A066', 5551234576),
('A067', 5551234577),
('A068', 5551234578),
('A069', 5551234579),
('A070', 5551234580),
('A071', 5551234581),
('A072', 5551234582),
('A073', 5551234583),
('A074', 5551234584),
('A075', 5551234585),
('A076', 5551234586),
('A077', 5551234587),
('A078', 5551234588),
('A079', 5551234589),
('A080', 5551234590),
('A081', 5551234591),
('A082', 5551234592),
('A083', 5551234593),
('A084', 5551234594),
('A085', 5551234595),
('A086', 5551234596),
('A087', 5551234597),
('A088', 5551234598),
('A089', 5551234599),
('A090', 5551234600),
('A091', 5551234601),
('A092', 5551234602),
('A093', 5551234603),
('A094', 5551234604),
('A095', 5551234605),
('A096', 5551234606),
('A097', 5551234607),
('A098', 5551234608),
('A099', 5551234609),
('A100', 5551234610);

INSERT INTO telefonoAtleta (idAtleta, telefono) VALUES
('A001', 5523456789),
('A002', 5523456790),
('A003', 5523456791),
('A004', 5523456792),
('A005', 5523456793),
('A006', 5523456794),
('A007', 5523456795),
('A008', 5523456796),
('A009', 5523456797),
('A010', 5523456798),
('A011', 5523456799),
('A012', 5523456800),
('A013', 5523456801),
('A014', 5523456802),
('A015', 5523456803),
('A016', 5523456804),
('A017', 5523456805),
('A018', 5523456806),
('A019', 5523456807),
('A020', 5523456808),
('A021', 5523456809),
('A022', 5523456810),
('A023', 5523456811),
('A024', 5523456812),
('A025', 5523456813),
('A026', 5523456814),
('A027', 5523456815),
('A028', 5523456816),
('A029', 5523456817),
('A030', 5523456818),
('A031', 5523456819),
('A032', 5523456820),
('A033', 5523456821),
('A034', 5523456822),
('A035', 5523456823),
('A036', 5523456824),
('A037', 5523456825),
('A038', 5523456826),
('A039', 5523456827),
('A040', 5523456828),
('A041', 5523456829),
('A042', 5523456830),
('A043', 5523456831);
INSERT INTO telefonoAtleta (idAtleta, telefono) VALUES
('A044', 5523456832),
('A045', 5523456833),
('A046', 5523456834),
('A047', 5523456835),
('A048', 5523456836),
('A049', 5523456837),
('A050', 5523456838),
('A051', 5523456839),
('A052', 5523456840),
('A053', 5523456841),
('A054', 5523456842),
('A055', 5523456843),
('A056', 5523456844),
('A057', 5523456845),
('A058', 5523456846),
('A059', 5523456847),
('A060', 5523456848),
('A061', 5523456849),
('A062', 5523456850),
('A063', 5523456851),
('A064', 5523456852),
('A065', 5523456853),
('A066', 5523456854),
('A067', 5523456855),
('A068', 5523456856),
('A069', 5523456857),
('A070', 5523456858),
('A071', 5523456859),
('A072', 5523456860),
('A073', 5523456861),
('A074', 5523456862),
('A075', 5523456863),
('A076', 5523456864),
('A077', 5523456865),
('A078', 5523456866),
('A079', 5523456867),
('A080', 5523456868),
('A081', 5523456869),
('A082', 5523456870),
('A083', 5523456871),
('A084', 5523456872),
('A085', 5523456873),
('A086', 5523456874),
('A087', 5523456875),
('A088', 5523456876),
('A089', 5523456877),
('A090', 5523456878),
('A091', 5523456879),
('A092', 5523456880),
('A093', 5523456881),
('A094', 5523456882),
('A095', 5523456883),
('A096', 5523456884),
('A097', 5523456885),
('A098', 5523456886),
('A099', 5523456887),
('A100', 5523456888);


INSERT INTO telefonoEntrenador (idEntrenador, telefono) VALUES
('E001', 5523456001),
('E002', 5523456002),
('E003', 5523456003),
('E004', 5523456004),
('E005', 5523456005),
('E006', 5523456006),
('E007', 5523456007),
('E008', 5523456008),
('E009', 5523456009),
('E010', 5523456010),
('E011', 5523456011),
('E012', 5523456012),
('E013', 5523456013),
('E014', 5523456014),
('E015', 5523456015),
('E016', 5523456016),
('E017', 5523456017),
('E018', 5523456018),
('E019', 5523456019),
('E020', 5523456020),
('E021', 5523456021),
('E022', 5523456022),
('E023', 5523456023),
('E024', 5523456024),
('E025', 5523456025),
('E026', 5523456026),
('E027', 5523456027),
('E028', 5523456028),
('E029', 5523456029),
('E030', 5523456030),
('E031', 5523456031),
('E032', 5523456032),
('E033', 5523456033),
('E034', 5523456034),
('E035', 5523456035),
('E036', 5523456036),
('E037', 5523456037),
('E038', 5523456038),
('E039', 5523456039),
('E040', 5523456040),
('E041', 5523456041),
('E042', 5523456042),
('E043', 5523456043),
('E044', 5523456044),
('E045', 5523456045);
INSERT INTO telefonoEntrenador (idEntrenador, telefono) VALUES
('E046', 5523456046),
('E047', 5523456047),
('E048', 5523456048),
('E049', 5523456049),
('E050', 5523456050),
('E051', 5523456051),
('E052', 5523456052),
('E053', 5523456053),
('E054', 5523456054),
('E055', 5523456055),
('E056', 5523456056),
('E057', 5523456057),
('E058', 5523456058),
('E059', 5523456059),
('E060', 5523456060),
('E061', 5523456061),
('E062', 5523456062),
('E063', 5523456063),
('E064', 5523456064),
('E065', 5523456065),
('E066', 5523456066),
('E067', 5523456067),
('E068', 5523456068),
('E069', 5523456069),
('E070', 5523456070),
('E071', 5523456071),
('E072', 5523456072),
('E073', 5523456073),
('E074', 5523456074),
('E075', 5523456075),
('E076', 5523456076),
('E077', 5523456077),
('E078', 5523456078),
('E079', 5523456079),
('E080', 5523456080),
('E081', 5523456081),
('E082', 5523456082),
('E083', 5523456083),
('E084', 5523456084),
('E085', 5523456085),
('E086', 5523456086),
('E087', 5523456087),
('E088', 5523456088),
('E089', 5523456089),
('E090', 5523456090),
('E091', 5523456091),
('E092', 5523456092),
('E093', 5523456093),
('E094', 5523456094),
('E095', 5523456095),
('E096', 5523456096),
('E097', 5523456097);

INSERT INTO telefonojuez (idJuez, telefono) VALUES
('J001', 5551010001),
('J002', 5551010002),
('J003', 5551010003),
('J004', 5551010004),
('J005', 5551010005),
('J006', 5551010006),
('J007', 5551010007),
('J008', 5551010008),
('J009', 5551010009),
('J010', 5551010010),
('J011', 5551010011),
('J012', 5551010012),
('J013', 5551010013),
('J014', 5551010014),
('J015', 5551010015),
('J016', 5551010016),
('J017', 5551010017),
('J018', 5551010018),
('J019', 5551010019),
('J020', 5551010020),
('J021', 5551010021),
('J022', 5551010022),
('J023', 5551010023),
('J024', 5551010024),
('J025', 5551010025),
('J026', 5551010026),
('J027', 5551010027),
('J028', 5551010028),
('J029', 5551010029),
('J030', 5551010030),
('J031', 5551010031),
('J032', 5551010032),
('J033', 5551010033),
('J034', 5551010034),
('J035', 5551010035),
('J036', 5551010036),
('J037', 5551010037),
('J038', 5551010038),
('J039', 5551010039),
('J040', 5551010040),
('J041', 5551010041),
('J042', 5551010042),
('J043', 5551010043),
('J044', 5551010044),
('J045', 5551010045),
('J046', 5551010046),
('J047', 5551010047),
('J048', 5551010048);
INSERT INTO telefonojuez (idJuez, telefono) VALUES
('J049', 5551010049),
('J050', 5551010050),
('J051', 5551010051),
('J052', 5551010052),
('J053', 5551010053),
('J054', 5551010054),
('J055', 5551010055),
('J056', 5551010056),
('J057', 5551010057),
('J058', 5551010058),
('J059', 5551010059),
('J060', 5551010060),
('J061', 5551010061),
('J062', 5551010062),
('J063', 5551010063),
('J064', 5551010064),
('J065', 5551010065),
('J066', 5551010066),
('J067', 5551010067),
('J068', 5551010068),
('J069', 5551010069),
('J070', 5551010070),
('J071', 5551010071),
('J072', 5551010072),
('J073', 5551010073),
('J074', 5551010074),
('J075', 5551010075),
('J076', 5551010076),
('J077', 5551010077),
('J078', 5551010078),
('J079', 5551010079),
('J080', 5551010080),
('J081', 5551010081),
('J082', 5551010082),
('J083', 5551010083),
('J084', 5551010084),
('J085', 5551010085),
('J086', 5551010086),
('J087', 5551010087),
('J088', 5551010088),
('J089', 5551010089),
('J090', 5551010090),
('J091', 5551010091),
('J092', 5551010092),
('J093', 5551010093),
('J094', 5551010094),
('J095', 5551010095),
('J096', 5551010096),
('J097', 5551010097),
('J098', 5551010098),
('J099', 5551010099),
('J100', 5551010100);

